0,1,2,3,4,5,6,7,8,9,10,11,12,13,14,15,16,17,18,19
EUW1_6084347239,EUW1_6083263035,EUW1_6083199685,EUW1_6083178065,EUW1_6083253351,EUW1_6083160492,EUW1_6083108809,EUW1_6083142476,EUW1_6082816162,EUW1_6082540466,EUW1_6082402233,EUW1_6082396485,EUW1_6082229519,EUW1_6082224038,EUW1_6082188779,EUW1_6082114211,EUW1_6082089683,EUW1_6081981585,EUW1_6081958845,EUW1_6081945373
EUW1_6084698965,EUW1_6083094245,EUW1_6082959447,EUW1_6081524380,EUW1_6080655661,EUW1_6078299568,EUW1_6078266350,EUW1_6078262742,EUW1_6078238130,EUW1_6078235102,EUW1_6076746121,EUW1_6072248997,EUW1_6072343357,EUW1_6072017613,EUW1_6071918060,EUW1_6066696078,EUW1_6066640959,EUW1_6066574357,EUW1_6063856751,EUW1_6063570129
EUW1_6084581141,EUW1_6084578876,EUW1_6083867299,EUW1_6083819279,EUW1_6083774754,EUW1_6083670198,EUW1_6083660873,EUW1_6083647853,EUW1_6083654348,EUW1_6083551812,EUW1_6081980145,EUW1_6081957778,EUW1_6081945373,EUW1_6081899383,EUW1_6078665339,EUW1_6070978198,EUW1_6061140817,EUW1_6061143109,EUW1_6060670376,EUW1_6060677906
EUW1_6085324372,EUW1_6085235813,EUW1_6085156189,EUW1_6085042062,EUW1_6084996911,EUW1_6084958090,EUW1_6084864722,EUW1_6084845873,EUW1_6084842866,EUW1_6084708168,EUW1_6084695922,EUW1_6084451860,EUW1_6084422805,EUW1_6084347239,EUW1_6084219279,EUW1_6083978868,EUW1_6083950988,EUW1_6083884219,EUW1_6083708813,EUW1_6083638485
EUW1_6083551812,EUW1_6083536612,EUW1_6083543952,EUW1_6083410827,EUW1_6083376839,EUW1_6083364020,EUW1_6083350795,EUW1_6083320205,EUW1_6081925064,EUW1_6081899495,EUW1_6081896469,EUW1_6077662506,EUW1_6077624432,EUW1_6076390283,EUW1_6076141998,EUW1_6073538444,EUW1_6073112863,EUW1_6070632008,EUW1_6070537619,EUW1_6070450492
EUW1_6086279639,EUW1_6086266735,EUW1_6086224604,EUW1_6085752618,EUW1_6085471826,EUW1_6084718380,EUW1_6084753469,EUW1_6084683160,EUW1_6084326084,EUW1_6084131863,EUW1_6084021652,EUW1_6083985988,EUW1_6083551812,EUW1_6083547473,EUW1_6083475907,EUW1_6082869801,EUW1_6082188779,EUW1_6081958845,EUW1_6081994227,EUW1_6081922487
EUW1_6086962846,EUW1_6086886162,EUW1_6086681781,EUW1_6086645893,EUW1_6086608156,EUW1_6086492120,EUW1_6086505906,EUW1_6086380555,EUW1_6086365225,EUW1_6086242383,EUW1_6086249057,EUW1_6085322310,EUW1_6085232580,EUW1_6085067806,EUW1_6084940808,EUW1_6084903747,EUW1_6084819365,EUW1_6084760665,EUW1_6084708950,EUW1_6084693191
EUW1_6085433877,EUW1_6085098598,EUW1_6085058588,EUW1_6084987762,EUW1_6084805961,EUW1_6084812768,EUW1_6084708748,EUW1_6084392922,EUW1_6084356584,EUW1_6083875640,EUW1_6083860837,EUW1_6083761268,EUW1_6083708813,EUW1_6083570453,EUW1_6083574144,EUW1_6083500679,EUW1_6082250268,EUW1_6082152080,EUW1_6082175791,EUW1_6081922487
EUW1_6086582041,EUW1_6083976942,EUW1_6083950988,EUW1_6075531922,EUW1_6075568408,EUW1_6074516103,EUW1_6074513392,EUW1_6074429619,EUW1_6074465403,EUW1_6074331088,EUW1_6074297994,EUW1_6074295697,EUW1_6074353003,EUW1_6074251195,EUW1_6067058295,EUW1_6065289421,EUW1_6065121906,EUW1_6065116498,EUW1_6065061425,EUW1_6065047370
EUW1_6086280423,EUW1_6086101785,EUW1_6085352446,EUW1_6085317665,EUW1_6085230218,EUW1_6084901476,EUW1_6084926933,EUW1_6084811592,EUW1_6084856768,EUW1_6084796072,EUW1_6084722068,EUW1_6083105369,EUW1_6083030774,EUW1_6082994310,EUW1_6082848329,EUW1_6082088613,EUW1_6082044756,EUW1_6081990643,EUW1_6081995303,EUW1_6081963301
EUW1_6086526743,EUW1_6086515547,EUW1_6086483556,EUW1_6086341417,EUW1_6086328790,EUW1_6086301102,EUW1_6086229038,EUW1_6086303185,EUW1_6086223271,EUW1_6086140126,EUW1_6084042077,EUW1_6083994718,EUW1_6083875823,EUW1_6083849991,EUW1_6083543952,EUW1_6080094222,EUW1_6079849971,EUW1_6079893137,EUW1_6079748019,EUW1_6079662016
EUW1_6083518480,EUW1_6083545375,EUW1_6083513194,EUW1_6083104268,EUW1_6083038439,EUW1_6082547776,EUW1_6082543152,EUW1_6082414948,EUW1_6082261443,EUW1_6082277347,EUW1_6082164708,EUW1_6082085263,EUW1_6081971280,EUW1_6081910291,EUW1_6081992786,EUW1_6081831471,EUW1_6081446372,EUW1_6081361826,EUW1_6081325383,EUW1_6081247174
EUW1_6086328888,EUW1_6086373131,EUW1_6086309185,EUW1_6086248031,EUW1_6086285236,EUW1_6086233007,EUW1_6085227728,EUW1_6084801454,EUW1_6084668646,EUW1_6084225107,EUW1_6084070501,EUW1_6083545375,EUW1_6083513229,EUW1_6083403489,EUW1_6083350795,EUW1_6082588540,EUW1_6082543152,EUW1_6082414948,EUW1_6082261443,EUW1_6082056205
EUW1_6086871199,EUW1_6086886162,EUW1_6086428336,EUW1_6086412190,EUW1_6086390069,EUW1_6086355478,EUW1_6086238978,EUW1_6083660873,EUW1_6083551595,EUW1_6083547473,EUW1_6083543952,EUW1_6083451776,EUW1_6082136568,EUW1_6082076341,EUW1_6082024259,EUW1_6081980145,EUW1_6081908437,EUW1_6081954212,EUW1_6081899495,EUW1_6081827496
EUW1_6075178425,EUW1_6074452816,EUW1_6074309613,EUW1_6073959816,EUW1_6073945399,EUW1_6073837629,EUW1_6073758618,EUW1_6073681634,EUW1_6073520714,EUW1_6073494661,EUW1_6073457139,EUW1_6073321754,EUW1_6073296860,EUW1_6073016390,EUW1_6073063077,EUW1_6072244679,EUW1_6072109488,EUW1_6072055830,EUW1_6071970169,EUW1_6071903221
EUW1_6076676639,EUW1_6076652639,EUW1_6076637113,EUW1_6076420072,EUW1_6076376707,EUW1_6076148082,EUW1_6075862330,EUW1_6075749412,EUW1_6075764516,EUW1_6074800695,EUW1_6074847015,EUW1_6074794521,EUW1_6074740923,EUW1_6074309613,EUW1_6074336463,EUW1_6074269965,EUW1_6073657410,EUW1_6073580073,EUW1_6073473085,EUW1_6072272588
EUW1_6086882418,EUW1_6086825814,EUW1_6086739744,EUW1_6086702265,EUW1_6084422805,EUW1_6084225107,EUW1_6082562579,EUW1_6075792520,EUW1_6075659887,EUW1_6073778079,EUW1_6062896585,EUW1_6062771041,EUW1_6062775010,EUW1_6051601946,EUW1_6051634795,EUW1_6051455667,EUW1_6051314697,EUW1_6051210570,EUW1_6051243361,EUW1_6051148751
EUW1_6084892519,EUW1_6080288758,EUW1_6080285096,EUW1_6080110485,EUW1_6080144297,EUW1_6079907274,EUW1_6078386917,EUW1_6078280483,EUW1_6078324200,EUW1_6078034754,EUW1_6075725944,EUW1_6075680847,EUW1_6075188676,EUW1_6075130219,EUW1_6075017846,EUW1_6074971670,EUW1_6074973584,EUW1_6074373581,EUW1_6074231008,EUW1_6073927168
EUW1_6086402285,EUW1_6086338587,EUW1_6086365477,EUW1_6085424476,EUW1_6085337892,EUW1_6085332790,EUW1_6085235813,EUW1_6085150710,EUW1_6085118105,EUW1_6085113340,EUW1_6082164708,EUW1_6082050708,EUW1_6082095782,EUW1_6081586281,EUW1_6081258432,EUW1_6081167652,EUW1_6079698840,EUW1_6075710499,EUW1_6071252133,EUW1_6071267645
EUW1_6084879740,EUW1_6084924257,EUW1_6084781323,EUW1_6084846379,EUW1_6083536295,EUW1_6083543320,EUW1_6083502565,EUW1_6079405500,EUW1_6079075617,EUW1_6078910657,EUW1_6078935359,EUW1_6078153717,EUW1_6076710825,EUW1_6076148082,EUW1_6075825277,EUW1_6075698246,EUW1_6075773381,EUW1_6073913073,EUW1_6073849461,EUW1_6073854835
EUW1_6086882418,EUW1_6086742823,EUW1_6086622449,EUW1_6086617769,EUW1_6086280423,EUW1_6085408803,EUW1_6085352446,EUW1_6084196835,EUW1_6084139229,EUW1_6084042077,EUW1_6083842263,EUW1_6083541235,EUW1_6081319113,EUW1_6081230011,EUW1_6081124147,EUW1_6081097773,EUW1_6080970620,EUW1_6080965204,EUW1_6080695872,EUW1_6080603978
EUW1_6085301903,EUW1_6085269861,EUW1_6082146048,EUW1_6082153082,EUW1_6082050670,EUW1_6082048400,EUW1_6080618419,EUW1_6080541864,EUW1_6076865452,EUW1_6076826658,EUW1_6076743762,EUW1_6075515648,EUW1_6075553548,EUW1_6075429299,EUW1_6074404580,EUW1_6073999139,EUW1_6074066199,EUW1_6073975410,EUW1_6073494061,EUW1_6073462654
EUW1_6085673731,EUW1_6085387351,EUW1_6084100555,EUW1_6082547776,EUW1_6081483798,EUW1_6079486450,EUW1_6076998323,EUW1_6076564177,EUW1_6074002934,EUW1_6072442596,EUW1_6071919393,EUW1_6070609401,EUW1_6069355198,EUW1_6067341716,EUW1_6064582975,EUW1_6064401388,EUW1_6061657812,EUW1_6061129728,EUW1_6058570052,EUW1_6052357548
EUW1_6086492120,EUW1_6086507888,EUW1_6086371890,EUW1_6086368359,EUW1_6086364093,EUW1_6086308740,EUW1_6085047009,EUW1_6084992569,EUW1_6084926933,EUW1_6084859934,EUW1_6084769702,EUW1_6084813313,EUW1_6084740214,EUW1_6082089759,EUW1_6082025419,EUW1_6080633680,EUW1_6080515812,EUW1_6080450820,EUW1_6080418928,EUW1_6079724121
EUW1_6087195332,EUW1_6087109671,EUW1_6087094287,EUW1_6086949911,EUW1_6086790238,EUW1_6086727628,EUW1_6086742823,EUW1_6086622449,EUW1_6086526743,EUW1_6086460114,EUW1_6086435411,EUW1_6086442516,EUW1_6086338587,EUW1_6086374922,EUW1_6086307229,EUW1_6086275779,EUW1_6086180923,EUW1_6086170628,EUW1_6086148346,EUW1_6085224772
EUW1_6086181854,EUW1_6086140568,EUW1_6086128677,EUW1_6086117165,EUW1_6085033222,EUW1_6084868651,EUW1_6084864722,EUW1_6084829630,EUW1_6084796863,EUW1_6084716665,EUW1_6083917917,EUW1_6083700221,EUW1_6083675883,EUW1_6083627753,EUW1_6083479224,EUW1_6083485721,EUW1_6083411040,EUW1_6083398733,EUW1_6083376839,EUW1_6083404153
EUW1_6087132593,EUW1_6087086798,EUW1_6086616000,EUW1_6086526743,EUW1_6086489954,EUW1_6086505906,EUW1_6086371890,EUW1_6084702011,EUW1_6084708748,EUW1_6084422805,EUW1_6084225107,EUW1_6084088895,EUW1_6084042175,EUW1_6083132264,EUW1_6083128673,EUW1_6081368497,EUW1_6081332500,EUW1_6081283996,EUW1_6081195357,EUW1_6081051167
EUW1_6087176570,EUW1_6087118319,EUW1_6086972081,EUW1_6086544267,EUW1_6086484860,EUW1_6086350990,EUW1_6086396166,EUW1_6086241448,EUW1_6083740747,EUW1_6083745697,EUW1_6082032661,EUW1_6081995303,EUW1_6081163716,EUW1_6080941583,EUW1_6080946440,EUW1_6080822386,EUW1_6080895958,EUW1_6080701972,EUW1_6080628582,EUW1_6080673990
EUW1_6082282069,EUW1_6082227648,EUW1_6074788139,EUW1_6074741251,EUW1_6074774427,EUW1_6074590662,EUW1_6071572237,EUW1_6071624922,EUW1_6071449967,EUW1_6071430366,EUW1_6068909625,EUW1_6068964323,EUW1_6068698034,EUW1_6068642857,EUW1_6068456846,EUW1_6067130901,EUW1_6067086326,EUW1_6067050934,EUW1_6066977120,EUW1_6066881964
EUW1_6084853344,EUW1_6084680423,EUW1_6067445613,EUW1_6066837096,EUW1_6066640946,EUW1_6066227075,EUW1_6066174330,EUW1_6064479014,EUW1_6064341192,EUW1_6063317443,EUW1_6063355032,EUW1_6063066367,EUW1_6062930640,EUW1_6056749672,EUW1_6056735056,EUW1_6053212899,EUW1_6051959279,EUW1_6051782302,EUW1_6050367253,EUW1_6050297869
EUW1_6086582041,EUW1_6084632375,EUW1_6082538467,EUW1_6082295700,EUW1_6081179656,EUW1_6078034754,EUW1_6077412469,EUW1_6076674273,EUW1_6075058369,EUW1_6071396916,EUW1_6071413494,EUW1_6068472065,EUW1_6068575069,EUW1_6064369101,EUW1_6064343092,EUW1_6060824880,EUW1_6060749582,EUW1_6055879682,EUW1_6055886364,EUW1_6055854098
EUW1_6086285236,EUW1_6085435464,EUW1_6085340178,EUW1_6083370037,EUW1_6083376839,EUW1_6082826317,EUW1_6081068235,EUW1_6080940290,EUW1_6080974138,EUW1_6080835264,EUW1_6080741193,EUW1_6080716520,EUW1_6080671003,EUW1_6080604864,EUW1_6080580935,EUW1_6080441629,EUW1_6080418928,EUW1_6078279320,EUW1_6078324200,EUW1_6078149408
EUW1_6087156370,EUW1_6087086798,EUW1_6086949911,EUW1_6086882418,EUW1_6086835656,EUW1_6086762037,EUW1_6086794547,EUW1_6086396166,EUW1_6086289586,EUW1_6086257628,EUW1_6086275072,EUW1_6086223271,EUW1_6086178988,EUW1_6085318900,EUW1_6084767691,EUW1_6084793817,EUW1_6082851617,EUW1_6082522151,EUW1_6082574386,EUW1_6082358460
EUW1_6086535856,EUW1_6086489141,EUW1_6084175235,EUW1_6083660873,EUW1_6079680788,EUW1_6076841475,EUW1_6076779221,EUW1_6076774743,EUW1_6072309230,EUW1_6071931348,EUW1_6070160742,EUW1_6070133592,EUW1_6069890744,EUW1_6069865946,EUW1_6066959766,EUW1_6064065307,EUW1_6063795398,EUW1_6062178950,EUW1_6060817072,EUW1_6060166911
EUW1_6087176028,EUW1_6087183162,EUW1_6084428098,EUW1_6084454572,EUW1_6084362417,EUW1_6084363092,EUW1_6084270278,EUW1_6084145099,EUW1_6083990335,EUW1_6083967659,EUW1_6083890997,EUW1_6083851135,EUW1_6083613610,EUW1_6083198507,EUW1_6083255093,EUW1_6083204968,EUW1_6082975007,EUW1_6082827171,EUW1_6082546172,EUW1_6082361915
EUW1_6086908130,EUW1_6086357094,EUW1_6085342773,EUW1_6084774698,EUW1_6084448274,EUW1_6084414319,EUW1_6084300511,EUW1_6084296916,EUW1_6084241072,EUW1_6084205319,EUW1_6084048276,EUW1_6082869801,EUW1_6082862752,EUW1_6082525713,EUW1_6082370612,EUW1_6081494278,EUW1_6081367071,EUW1_6081332500,EUW1_6081276477,EUW1_6081179656
EUW1_6086690689,EUW1_6086674791,EUW1_6086596729,EUW1_6086592516,EUW1_6085699715,EUW1_6085694670,EUW1_6085520636,EUW1_6085155021,EUW1_6085031814,EUW1_6085047009,EUW1_6085032527,EUW1_6084879740,EUW1_6084865964,EUW1_6084810617,EUW1_6084416195,EUW1_6084324116,EUW1_6084248122,EUW1_6084232768,EUW1_6083809038,EUW1_6083814321
EUW1_6087132593,EUW1_6087067960,EUW1_6086956117,EUW1_6086905523,EUW1_6086739744,EUW1_6086290614,EUW1_6086305880,EUW1_6086265527,EUW1_6086180069,EUW1_6085317665,EUW1_6085332790,EUW1_6085243068,EUW1_6085158817,EUW1_6085113340,EUW1_6084292843,EUW1_6084187314,EUW1_6083774754,EUW1_6081478884,EUW1_6080529302,EUW1_6080514814
EUW1_6085576632,EUW1_6085524228,EUW1_6085387351,EUW1_6085245495,EUW1_6085091832,EUW1_6084705109,EUW1_6084265384,EUW1_6083886259,EUW1_6083510957,EUW1_6083507531,EUW1_6083451484,EUW1_6083236442,EUW1_6083040053,EUW1_6082586885,EUW1_6082334874,EUW1_6082277347,EUW1_6081839256,EUW1_6081807617,EUW1_6081563835,EUW1_6081454160
EUW1_6086365477,EUW1_6084422805,EUW1_6075234747,EUW1_6075193136,EUW1_6075119544,EUW1_6075176208,EUW1_6075083780,EUW1_6075030495,EUW1_6073945399,EUW1_6072081439,EUW1_6072084692,EUW1_6071918060,EUW1_6071661837,EUW1_6070708368,EUW1_6070645715,EUW1_6070537619,EUW1_6070498369,EUW1_6065183105,EUW1_6064260125,EUW1_6064211641
EUW1_6086526743,EUW1_6086509654,EUW1_6086464959,EUW1_6086410175,EUW1_6086229736,EUW1_6086266735,EUW1_6086234626,EUW1_6086101785,EUW1_6086148346,EUW1_6086096439,EUW1_6086094568,EUW1_6086142870,EUW1_6085921746,EUW1_6086007553,EUW1_6085898894,EUW1_6086005179,EUW1_6085915903,EUW1_6085032527,EUW1_6084926933,EUW1_6084801454
EUW1_6086350990,EUW1_6086328888,EUW1_6083142476,EUW1_6082591635,EUW1_6082181977,EUW1_6082137210,EUW1_6080175995,EUW1_6077773584,EUW1_6075511634,EUW1_6075568408,EUW1_6075546568,EUW1_6067560422,EUW1_6067526331,EUW1_6063660399,EUW1_6063667341,EUW1_6063246085,EUW1_6063199882,EUW1_6063175777,EUW1_6063084326,EUW1_6062963541
EUW1_6087109671,EUW1_6087094287,EUW1_6087008393,EUW1_6086882418,EUW1_6086672557,EUW1_6086613138,EUW1_6086479342,EUW1_6085574128,EUW1_6085400817,EUW1_6085281946,EUW1_6085156189,EUW1_6085031814,EUW1_6085037645,EUW1_6084959987,EUW1_6084948027,EUW1_6084864838,EUW1_6084210304,EUW1_6084232768,EUW1_6083978868,EUW1_6083891806
EUW1_6086857348,EUW1_6084065671,EUW1_6083978868,EUW1_6082298765,EUW1_6080926174,EUW1_6080144297,EUW1_6076608886,EUW1_6076532025,EUW1_6072244679,EUW1_6071919393,EUW1_6071699465,EUW1_6070408917,EUW1_6067238255,EUW1_6067242696,EUW1_6064260125,EUW1_6064211641,EUW1_6063138836,EUW1_6063174663,EUW1_6063099888,EUW1_6062930640
EUW1_6062895483,EUW1_6061981876,EUW1_6061976324,EUW1_6061122336,EUW1_6061143109,EUW1_6060329119,EUW1_6060252215,EUW1_6060089215,EUW1_6059971314,EUW1_6059861065,EUW1_6059883920,EUW1_6059370397,EUW1_6055159246,EUW1_6055047300,EUW1_6054909442,EUW1_6054740596,EUW1_6053858748,EUW1_6053913489,EUW1_6053816853,EUW1_6053691063
EUW1_6086831976,EUW1_6086743954,EUW1_6086679514,EUW1_6086674070,EUW1_6086617769,EUW1_6086526743,EUW1_6086460114,EUW1_6085903522,EUW1_6085519313,EUW1_6085356458,EUW1_6085202260,EUW1_6085224909,EUW1_6085090740,EUW1_6085060177,EUW1_6085044958,EUW1_6084958390,EUW1_6084917190,EUW1_6084893710,EUW1_6084789100,EUW1_6084766650
EUW1_6086682847,EUW1_6084677816,EUW1_6084675199,EUW1_6082197480,EUW1_6076763465,EUW1_6074024520,EUW1_6073847832,EUW1_6073652322,EUW1_6073633739,EUW1_6073566407,EUW1_6073469008,EUW1_6069523049,EUW1_6069398018,EUW1_6069363166,EUW1_6068918547,EUW1_6066999809,EUW1_6064228625,EUW1_6064059243,EUW1_6062369246,EUW1_6061005270
EUW1_6084210304,EUW1_6082994310,EUW1_6082829160,EUW1_6082813888,EUW1_6082604999,EUW1_6082188779,EUW1_6081497816,EUW1_6081391615,EUW1_6081304809,EUW1_6080602609,EUW1_6067454009,EUW1_6067278089,EUW1_6064216598,EUW1_6064169658,EUW1_6064112299,EUW1_6064078205,EUW1_6064082865,EUW1_6063955060,EUW1_6059320788,EUW1_6057932705
EUW1_6084726681,EUW1_6083547473,EUW1_6083464493,EUW1_6083410827,EUW1_6083398733,EUW1_6081928397,EUW1_6081974158,EUW1_6081899495,EUW1_6081878348,EUW1_6081834222,EUW1_6081800893,EUW1_6074309613,EUW1_6074295697,EUW1_6074241657,EUW1_6073098419,EUW1_6073155256,EUW1_6073001458,EUW1_6069862471,EUW1_6069769480,EUW1_6069786224
EUW1_6086484162,EUW1_6084809523,EUW1_6084768407,EUW1_6083978868,EUW1_6082020646,EUW1_6080741193,EUW1_6079748019,EUW1_6076212194,EUW1_6075589606,EUW1_6074513392,EUW1_6073352893,EUW1_6071364477,EUW1_6070027361,EUW1_6068249565,EUW1_6066722077,EUW1_6065031684,EUW1_6063977070,EUW1_6062025695,EUW1_6061066640,EUW1_6059606318
EUW1_6087183840,EUW1_6087086798,EUW1_6087008393,EUW1_6086993443,EUW1_6086828704,EUW1_6086761919,EUW1_6086764373,EUW1_6086688467,EUW1_6086674070,EUW1_6085373875,EUW1_6085335357,EUW1_6085245495,EUW1_6085148370,EUW1_6085113340,EUW1_6084194600,EUW1_6084070501,EUW1_6083758305,EUW1_6083753571,EUW1_6083620407,EUW1_6083636205
EUW1_6085301300,EUW1_6084845873,EUW1_6083875823,EUW1_6083819279,EUW1_6083764024,EUW1_6083688582,EUW1_6083734758,EUW1_6082056205,EUW1_6081925064,EUW1_6081498232,EUW1_6078118702,EUW1_6078083339,EUW1_6077986945,EUW1_6077867083,EUW1_6077853313,EUW1_6077359126,EUW1_6076483821,EUW1_6075884189,EUW1_6075725336,EUW1_6075657618
EUW1_6085476488,EUW1_6085381937,EUW1_6085407623,EUW1_6085374034,EUW1_6085049103,EUW1_6084761997,EUW1_6084710138,EUW1_6084708762,EUW1_6084662454,EUW1_6084611432,EUW1_6083932342,EUW1_6083809038,EUW1_6083825101,EUW1_6083721027,EUW1_6083615383,EUW1_6083520474,EUW1_6083487889,EUW1_6083514664,EUW1_6083421586,EUW1_6082125475
EUW1_6085348925,EUW1_6085198876,EUW1_6084440433,EUW1_6084455558,EUW1_6084319399,EUW1_6084251880,EUW1_6084196835,EUW1_6083891806,EUW1_6083893837,EUW1_6083769699,EUW1_6083185827,EUW1_6083160492,EUW1_6083088278,EUW1_6083051518,EUW1_6082959447,EUW1_6082992585,EUW1_6082788213,EUW1_6082581676,EUW1_6082402233,EUW1_6082384739
EUW1_6066611052,EUW1_6066596296,EUW1_6064869565,EUW1_6064024062,EUW1_6062022679,EUW1_6059362832,EUW1_6058055865,EUW1_6057178183,EUW1_6057154708,EUW1_6056951308,EUW1_6056933946,EUW1_6056592568,EUW1_6056399598,EUW1_6056353001,EUW1_6056198316,EUW1_6047202438,EUW1_6045564286,EUW1_6043767615,EUW1_6043283026,EUW1_6041870683
EUW1_6086871199,EUW1_6086862849,EUW1_6086709420,EUW1_6086044479,EUW1_6085594972,EUW1_6086193983,EUW1_6086451883,EUW1_6086428392,EUW1_6086407738,EUW1_6086355478,EUW1_6086310169,EUW1_6086238978,EUW1_6086275779,EUW1_6086224604,EUW1_6082770598,EUW1_6082770472,EUW1_6085242946,EUW1_6085026899,EUW1_6085024496,EUW1_6084766650
EUW1_6086398755,EUW1_6083507922,EUW1_6083543092,EUW1_6082095782,EUW1_6081252601,EUW1_6080617825,EUW1_6077619507,EUW1_6077312458,EUW1_6075485016,EUW1_6073162430,EUW1_6073126391,EUW1_6069719795,EUW1_6069698618,EUW1_6068472919,EUW1_6066852049,EUW1_6065264959,EUW1_6061432279,EUW1_6061425537,EUW1_6061340139,EUW1_6061176882
EUW1_6086604829,EUW1_6086451883,EUW1_6086307463,EUW1_6086236651,EUW1_6086181854,EUW1_6086101785,EUW1_6086129260,EUW1_6086166066,EUW1_6086094568,EUW1_6085942321,EUW1_6086007553,EUW1_6085898894,EUW1_6086005179,EUW1_6085903522,EUW1_6085741191,EUW1_6085619301,EUW1_6085644385,EUW1_6083128673,EUW1_6083094245,EUW1_6082224038
EUW1_6084988458,EUW1_6084951449,EUW1_6084926933,EUW1_6084778405,EUW1_6084212188,EUW1_6084198192,EUW1_6083604417,EUW1_6083500679,EUW1_6083478356,EUW1_6082079812,EUW1_6082056205,EUW1_6082032661,EUW1_6081958845,EUW1_6081985628,EUW1_6081479318,EUW1_6077367071,EUW1_6077392492,EUW1_6077298558,EUW1_6077304562,EUW1_6076716283
EUW1_6087079190,EUW1_6087044380,EUW1_6086865465,EUW1_6086771590,EUW1_6086308740,EUW1_6085504689,EUW1_6085458871,EUW1_6085406234,EUW1_6085289675,EUW1_6085353694,EUW1_6085152484,EUW1_6085060161,EUW1_6084890292,EUW1_6084946791,EUW1_6084241072,EUW1_6084135211,EUW1_6083809038,EUW1_6083774754,EUW1_6083627154,EUW1_6083574144
EUW1_6082197480,EUW1_6082133878,EUW1_6082017955,EUW1_6080617704,EUW1_6078894193,EUW1_6076939507,EUW1_6076934909,EUW1_6076801608,EUW1_6076756749,EUW1_6076721804,EUW1_6076714052,EUW1_6075217134,EUW1_6075171396,EUW1_6074951036,EUW1_6074861607,EUW1_6073254114,EUW1_6073129619,EUW1_6072295030,EUW1_6072081439,EUW1_6072067208
EUW1_6083114240,EUW1_6083028062,EUW1_6082791714,EUW1_6082816162,EUW1_6082579152,EUW1_6069135840,EUW1_6068480547,EUW1_6060107270,EUW1_6060007958,EUW1_6059908554,EUW1_6059800375,EUW1_6059843171,EUW1_6059667057,EUW1_6059572448,EUW1_6059576378,EUW1_6056477148,EUW1_6056348597,EUW1_6056270211,EUW1_6056243768,EUW1_6056099568
EUW1_6087101359,EUW1_6087088878,EUW1_6087057163,EUW1_6086445500,EUW1_6086350990,EUW1_6085513807,EUW1_6084142652,EUW1_6084055694,EUW1_6083066488,EUW1_6082212799,EUW1_6082125475,EUW1_6082096080,EUW1_6081972277,EUW1_6081958845,EUW1_6081817550,EUW1_6081882783,EUW1_6081332500,EUW1_6081159479,EUW1_6080730747,EUW1_6080675527
EUW1_6075281311,EUW1_6075218195,EUW1_6073069536,EUW1_6072406592,EUW1_6070819940,EUW1_6070735378,EUW1_6070731127,EUW1_6069564493,EUW1_6067676838,EUW1_6067564744,EUW1_6066299349,EUW1_6066307320,EUW1_6066363775,EUW1_6066352712,EUW1_6064692819,EUW1_6064595420,EUW1_6064421220,EUW1_6064325529,EUW1_6064296439,EUW1_6064122047
EUW1_6076857194,EUW1_6076893942,EUW1_6076811321,EUW1_6076769127,EUW1_6076823946,EUW1_6076706923,EUW1_6076608463,EUW1_6076449382,EUW1_6076141998,EUW1_6076105687,EUW1_6075840896,EUW1_6075461787,EUW1_6075236643,EUW1_6075263619,EUW1_6075110700,EUW1_6075070443,EUW1_6074982916,EUW1_6074956347,EUW1_6074789188,EUW1_6074864039
EUW1_6076144167,EUW1_6075857970,EUW1_6075698246,EUW1_6070408917,EUW1_6070271423,EUW1_6062378949,EUW1_6062170426,EUW1_6062186932,EUW1_6061977323,EUW1_6062022679,EUW1_6060194548,EUW1_6060127583,EUW1_6060016450,EUW1_6059374830,EUW1_6059342036,EUW1_6058221204,EUW1_6057520765,EUW1_6053451080,EUW1_6050152707,EUW1_6050056383
EUW1_6087091565,EUW1_6087115241,EUW1_6086999509,EUW1_6086962846,EUW1_6086907916,EUW1_6086275779,EUW1_6085374828,EUW1_6085324372,EUW1_6085169166,EUW1_6085090740,EUW1_6085060931,EUW1_6084673724,EUW1_6084347239,EUW1_6084248122,EUW1_6084121620,EUW1_6083603773,EUW1_6083479224,EUW1_6083545375,EUW1_6083533008,EUW1_6083438130
EUW1_6086357094,EUW1_6083094245,EUW1_6083028062,EUW1_6081370119,EUW1_6079987512,EUW1_6079850488,EUW1_6079893137,EUW1_6079797005,EUW1_6078102742,EUW1_6077998183,EUW1_6077917239,EUW1_6077821940,EUW1_6077824087,EUW1_6077624432,EUW1_6077530155,EUW1_6077505234,EUW1_6077359126,EUW1_6076891602,EUW1_6076914887,EUW1_6076769359
EUW1_6087002668,EUW1_6086905523,EUW1_6086646182,EUW1_6086617769,EUW1_6086460114,EUW1_6085281946,EUW1_6084978618,EUW1_6084926933,EUW1_6084862614,EUW1_6084846379,EUW1_6084722308,EUW1_6084685872,EUW1_6084692812,EUW1_6083810852,EUW1_6083796130,EUW1_6083700826,EUW1_6083733655,EUW1_6083600488,EUW1_6082531564,EUW1_6080716520
EUW1_6087154030,EUW1_6087037152,EUW1_6087092676,EUW1_6085536012,EUW1_6085400817,EUW1_6085424476,EUW1_6085161202,EUW1_6083033498,EUW1_6082161884,EUW1_6082030764,EUW1_6082025419,EUW1_6081387911,EUW1_6081332500,EUW1_6080942178,EUW1_6080926174,EUW1_6080536059,EUW1_6080056359,EUW1_6079779524,EUW1_6079689817,EUW1_6079603227
EUW1_6086307229,EUW1_6084698965,EUW1_6083570453,EUW1_6080696631,EUW1_6078758280,EUW1_6078229553,EUW1_6076532025,EUW1_6075116584,EUW1_6073500307,EUW1_6071873342,EUW1_6067509389,EUW1_6066687285,EUW1_6064924368,EUW1_6063731891,EUW1_6063212302,EUW1_6063185934,EUW1_6062024791,EUW1_6061425537,EUW1_6061340139,EUW1_6060641991
EUW1_6086831431,EUW1_6086838475,EUW1_6085202132,EUW1_6085218424,EUW1_6085183687,EUW1_6085148968,EUW1_6083181770,EUW1_6083219980,EUW1_6083228400,EUW1_6081052135,EUW1_6080839515,EUW1_6080823455,EUW1_6080783335,EUW1_6077667761,EUW1_6076868999,EUW1_6076936160,EUW1_6076626188,EUW1_6076191620,EUW1_6075853182,EUW1_6075728259
EUW1_6087122096,EUW1_6087090998,EUW1_6087078202,EUW1_6087084830,EUW1_6086825814,EUW1_6086756620,EUW1_6086669793,EUW1_6086552373,EUW1_6086528395,EUW1_6084978618,EUW1_6085024647,EUW1_6084958390,EUW1_6084809871,EUW1_6083875823,EUW1_6083500097,EUW1_6083487071,EUW1_6080100431,EUW1_6080068372,EUW1_6078175455,EUW1_6078121442
EUW1_6084753469,EUW1_6083990892,EUW1_6082383315,EUW1_6082295700,EUW1_6082120770,EUW1_6077424705,EUW1_6077291521,EUW1_6077247276,EUW1_6077241572,EUW1_6074373581,EUW1_6073675709,EUW1_6073058866,EUW1_6071727800,EUW1_6071572237,EUW1_6071049336,EUW1_6071044980,EUW1_6070981170,EUW1_6069837368,EUW1_6069802151,EUW1_6069770486
EUW1_6087176570,EUW1_6087061097,EUW1_6086094568,EUW1_6086005623,EUW1_6085877667,EUW1_6085741191,EUW1_6085737013,EUW1_6085644385,EUW1_6084611164,EUW1_6084598879,EUW1_6084617238,EUW1_6084595804,EUW1_6084584626,EUW1_6084613146,EUW1_6084559197,EUW1_6084509647,EUW1_6084518038,EUW1_6084496458,EUW1_6084524094,EUW1_6084451047
EUW1_6086999509,EUW1_6086993443,EUW1_6086725961,EUW1_6086668232,EUW1_6086692458,EUW1_6086540274,EUW1_6086479342,EUW1_6086424877,EUW1_6086341417,EUW1_6086310169,EUW1_6084708168,EUW1_6084416397,EUW1_6084165700,EUW1_6083539179,EUW1_6083174671,EUW1_6083159215,EUW1_6083107627,EUW1_6083104268,EUW1_6082181977,EUW1_6082165720
EUW1_6085019306,EUW1_6084964956,EUW1_6084947279,EUW1_6083932828,EUW1_6083833826,EUW1_6083689642,EUW1_6083675883,EUW1_6083638485,EUW1_6082031924,EUW1_6082056205,EUW1_6079161834,EUW1_6078809080,EUW1_6073078698,EUW1_6073035899,EUW1_6070050766,EUW1_6070027361,EUW1_6068156140,EUW1_6068061529,EUW1_6066671819,EUW1_6059443116
EUW1_6087033936,EUW1_6086998354,EUW1_6086923360,EUW1_6086826644,EUW1_6086815828,EUW1_6085349167,EUW1_6085303689,EUW1_6085219103,EUW1_6085214625,EUW1_6084405037,EUW1_6084300511,EUW1_6083700221,EUW1_6083580263,EUW1_6083623970,EUW1_6083258422,EUW1_6083178065,EUW1_6083160492,EUW1_6082229519,EUW1_6076740347,EUW1_6076665656
EUW1_6086956730,EUW1_6086908130,EUW1_6086528395,EUW1_6086544267,EUW1_6085221656,EUW1_6085235813,EUW1_6085091832,EUW1_6085136436,EUW1_6084116666,EUW1_6084001121,EUW1_6083708813,EUW1_6083600488,EUW1_6083596831,EUW1_6083500679,EUW1_6082574798,EUW1_6082358460,EUW1_6082030764,EUW1_6082085263,EUW1_6081941554,EUW1_6081986533
EUW1_6085043312,EUW1_6084879740,EUW1_6083837696,EUW1_6083764024,EUW1_6079446506,EUW1_6079198225,EUW1_6078865906,EUW1_6074379291,EUW1_6074316659,EUW1_6074334523,EUW1_6074202370,EUW1_6074279382,EUW1_6074073500,EUW1_6073900970,EUW1_6073853045,EUW1_6073312273,EUW1_6073282290,EUW1_6073219336,EUW1_6073132202,EUW1_6071092829
EUW1_6087193599,EUW1_6086847119,EUW1_6086630820,EUW1_6086492120,EUW1_6086447054,EUW1_6086462653,EUW1_6086398755,EUW1_6086309185,EUW1_6086248031,EUW1_6086254611,EUW1_6086132428,EUW1_6086178988,EUW1_6086129260,EUW1_6085572813,EUW1_6085297343,EUW1_6085230218,EUW1_6085161202,EUW1_6085156189,EUW1_6085060931,EUW1_6084996911
EUW1_6078714011,EUW1_6077931179,EUW1_6077863304,EUW1_6077777672,EUW1_6077773584,EUW1_6077667761,EUW1_6077590966,EUW1_6076521083,EUW1_6075635185,EUW1_6075511660,EUW1_6075568408,EUW1_6069759779,EUW1_6069744945,EUW1_6064985487,EUW1_6064891671,EUW1_6064838265,EUW1_6062421515,EUW1_6062398147,EUW1_6062170426,EUW1_6062185721
EUW1_6087067960,EUW1_6086917864,EUW1_6086853320,EUW1_6086725961,EUW1_6086366596,EUW1_6085903522,EUW1_6085690160,EUW1_6085297343,EUW1_6085221656,EUW1_6084760665,EUW1_6084495152,EUW1_6084523013,EUW1_6084381201,EUW1_6084398303,EUW1_6084443392,EUW1_6084327513,EUW1_6084292843,EUW1_6084198477,EUW1_6084202491,EUW1_6084081885
EUW1_6087136626,EUW1_6086628713,EUW1_6086620214,EUW1_6086596361,EUW1_6085644150,EUW1_6084779383,EUW1_6084372065,EUW1_6084443020,EUW1_6084306679,EUW1_6084191450,EUW1_6083717709,EUW1_6083660873,EUW1_6083647853,EUW1_6083615383,EUW1_6083541235,EUW1_6083476637,EUW1_6083523387,EUW1_6083411040,EUW1_6083149136,EUW1_6083152518
EUW1_6084241449,EUW1_6084174309,EUW1_6081896469,EUW1_6081865859,EUW1_6075037886,EUW1_6074838093,EUW1_6073933194,EUW1_6073814219,EUW1_6070373211,EUW1_6070276310,EUW1_6070148905,EUW1_6070155018,EUW1_6067035447,EUW1_6066961554,EUW1_6063385319,EUW1_6063310965,EUW1_6063218887,EUW1_6058570052,EUW1_6058450573,EUW1_6058466052
EUW1_6084716665,EUW1_6084394802,EUW1_6084272352,EUW1_6084324116,EUW1_6084199097,EUW1_6084131863,EUW1_6084116666,EUW1_6083487443,EUW1_6083552851,EUW1_6083411040,EUW1_6083369801,EUW1_6083416991,EUW1_6083137926,EUW1_6083104268,EUW1_6082891030,EUW1_6082806879,EUW1_6082873108,EUW1_6081841486,EUW1_6081487484,EUW1_6081381262
EUW1_6086742823,EUW1_6086668232,EUW1_6086674070,EUW1_6086616000,EUW1_6086525934,EUW1_6086460114,EUW1_6086435411,EUW1_6086371890,EUW1_6086328790,EUW1_6086365477,EUW1_6086280423,EUW1_6086248031,EUW1_6085113340,EUW1_6085047009,EUW1_6084962194,EUW1_6084879740,EUW1_6084926324,EUW1_6084801454,EUW1_6084847604,EUW1_6084766650
EUW1_6085389195,EUW1_6085424476,EUW1_6085348567,EUW1_6085342773,EUW1_6085169166,EUW1_6085243068,EUW1_6083156141,EUW1_6077737903,EUW1_6077642852,EUW1_6077564503,EUW1_6077479329,EUW1_6077411735,EUW1_6076687631,EUW1_6076639747,EUW1_6076567016,EUW1_6076528919,EUW1_6074395202,EUW1_6074442784,EUW1_6074290941,EUW1_6065661430
EUW1_6086712259,EUW1_6086525934,EUW1_6086328790,EUW1_6085933148,EUW1_6085679809,EUW1_6085474661,EUW1_6085434441,EUW1_6085293624,EUW1_6085091832,EUW1_6085142584,EUW1_6085028384,EUW1_6084329907,EUW1_6084266394,EUW1_6083616083,EUW1_6083542009,EUW1_6083529742,EUW1_6083160492,EUW1_6083105369,EUW1_6083028062,EUW1_6082871088
EUW1_6086608156,EUW1_6086542727,EUW1_6082150407,EUW1_6082154647,EUW1_6082089683,EUW1_6082076341,EUW1_6081951900,EUW1_6081908437,EUW1_6081914355,EUW1_6080926174,EUW1_6080868536,EUW1_6080801600,EUW1_6080738777,EUW1_6080704152,EUW1_6080696631,EUW1_6074570019,EUW1_6074430416,EUW1_6074396188,EUW1_6074321437,EUW1_6074319110
EUW1_6083561484,EUW1_6083466573,EUW1_6083463815,EUW1_6083438130,EUW1_6081831471,EUW1_6081878348,EUW1_6081748521,EUW1_6080490063,EUW1_6080418928,EUW1_6078740069,EUW1_6078099562,EUW1_6078132722,EUW1_6077596743,EUW1_6077306175,EUW1_6077150988,EUW1_6077156968,EUW1_6077183063,EUW1_6076674273,EUW1_6076209037,EUW1_6075780237
EUW1_6080695872,EUW1_6080047626,EUW1_6079970267,EUW1_6078916209,EUW1_6078682268,EUW1_6078690322,EUW1_6078698507,EUW1_6078130042,EUW1_6077940377,EUW1_6077824087,EUW1_6077241572,EUW1_6076564177,EUW1_6076505934,EUW1_6075883698,EUW1_6075558878,EUW1_6075556495,EUW1_6075093527,EUW1_6074989641,EUW1_6075045747,EUW1_6073963897
EUW1_6086531060,EUW1_6086479342,EUW1_6086483556,EUW1_6086308740,EUW1_6086297072,EUW1_6086234626,EUW1_6086101785,EUW1_6085035754,EUW1_6084871516,EUW1_6084944015,EUW1_6084801489,EUW1_6084789100,EUW1_6084785808,EUW1_6084722103,EUW1_6084698965,EUW1_6084675199,EUW1_6084581141,EUW1_6083825101,EUW1_6083708813,EUW1_6083662431
EUW1_6086933959,EUW1_6086877442,EUW1_6086813432,EUW1_6084766650,EUW1_6084415130,EUW1_6084329546,EUW1_6084314249,EUW1_6082994310,EUW1_6082835436,EUW1_6081568939,EUW1_6081554087,EUW1_6081423632,EUW1_6081357457,EUW1_6081290900,EUW1_6081099078,EUW1_6080178267,EUW1_6080012575,EUW1_6077987856,EUW1_6077983230,EUW1_6077859263
EUW1_6086739744,EUW1_6086764373,EUW1_6086658395,EUW1_6086535856,EUW1_6086484162,EUW1_6086378247,EUW1_6086310169,EUW1_6086278686,EUW1_6086266735,EUW1_6086233007,EUW1_6086158240,EUW1_6085232478,EUW1_6085155021,EUW1_6085030994,EUW1_6084996191,EUW1_6084879331,EUW1_6084859803,EUW1_6084789100,EUW1_6084785808,EUW1_6084751320
EUW1_6086365477,EUW1_6086241448,EUW1_6086215670,EUW1_6086180069,EUW1_6085490974,EUW1_6083604431,EUW1_6083551399,EUW1_6083458480,EUW1_6083369801,EUW1_6083416991,EUW1_6083033498,EUW1_6080441629,EUW1_6080429477,EUW1_6079198225,EUW1_6079132741,EUW1_6078667324,EUW1_6078641948,EUW1_6077280716,EUW1_6077161276,EUW1_6077156968
EUW1_6085536012,EUW1_6085400817,EUW1_6085091507,EUW1_6085113340,EUW1_6085045693,EUW1_6084812768,EUW1_6084718003,EUW1_6084398303,EUW1_6084322053,EUW1_6084220840,EUW1_6084085331,EUW1_6084022931,EUW1_6083627753,EUW1_6083615019,EUW1_6083532215,EUW1_6083199685,EUW1_6083236442,EUW1_6083223091,EUW1_6083128673,EUW1_6083051857
EUW1_6084196835,EUW1_6084150577,EUW1_6084077388,EUW1_6083990704,EUW1_6084042823,EUW1_6083476881,EUW1_6080656373,EUW1_6080531706,EUW1_6080597033,EUW1_6080525253,EUW1_6080490063,EUW1_6079711535,EUW1_6077305459,EUW1_6075725265,EUW1_6075680242,EUW1_6074727093,EUW1_6074620479,EUW1_6074675251,EUW1_6074520685,EUW1_6074481801
EUW1_6086525934,EUW1_6086505906,EUW1_6086410175,EUW1_6085877667,EUW1_6085903522,EUW1_6085710238,EUW1_6085577240,EUW1_6085033222,EUW1_6084881132,EUW1_6084287850,EUW1_6084211880,EUW1_6084197250,EUW1_6084223837,EUW1_6083964770,EUW1_6083908515,EUW1_6083156600,EUW1_6083074058,EUW1_6082998345,EUW1_6082552689,EUW1_6081624140
EUW1_6079740938,EUW1_6079715971,EUW1_6079772781,EUW1_6079486450,EUW1_6079099223,EUW1_6079132741,EUW1_6078246931,EUW1_6078229553,EUW1_6078194327,EUW1_6077835318,EUW1_6077710938,EUW1_6077695199,EUW1_6077619507,EUW1_6077613868,EUW1_6075828062,EUW1_6075659887,EUW1_6075675670,EUW1_6075581754,EUW1_6074681792,EUW1_6074655759
EUW1_6086886852,EUW1_6086781758,EUW1_6086465818,EUW1_6086312343,EUW1_6086261222,EUW1_6085934721,EUW1_6085761415,EUW1_6085759957,EUW1_6085689025,EUW1_6085614469,EUW1_6084801642,EUW1_6084768626,EUW1_6084794652,EUW1_6084758923,EUW1_6084708603,EUW1_6084725384,EUW1_6084394443,EUW1_6084359569,EUW1_6084120774,EUW1_6083731503
EUW1_6087174678,EUW1_6087104661,EUW1_6086902534,EUW1_6086778772,EUW1_6086764373,EUW1_6086627949,EUW1_6086619233,EUW1_6086526743,EUW1_6086489954,EUW1_6086505906,EUW1_6086350990,EUW1_6086357094,EUW1_6086242383,EUW1_6085668958,EUW1_6085424476,EUW1_6085297343,EUW1_6085224909,EUW1_6085150710,EUW1_6085094592,EUW1_6085019306
EUW1_6085324372,EUW1_6085227728,EUW1_6085232478,EUW1_6085137082,EUW1_6085030850,EUW1_6085045693,EUW1_6084781323,EUW1_6084855907,EUW1_6084824048,EUW1_6084667746,EUW1_6084723345,EUW1_6083651783,EUW1_6083617938,EUW1_6083574693,EUW1_6083500679,EUW1_6083533929,EUW1_6081353514,EUW1_6080991514,EUW1_6080904037,EUW1_6080823455
EUW1_6087011140,EUW1_6086484162,EUW1_6086417793,EUW1_6086337024,EUW1_6086311061,EUW1_6085737013,EUW1_6085525284,EUW1_6085137082,EUW1_6084922429,EUW1_6084892519,EUW1_6084720320,EUW1_6084708950,EUW1_6084726681,EUW1_6084684621,EUW1_6084692812,EUW1_6084183648,EUW1_6083755183,EUW1_6081980369,EUW1_6081957778,EUW1_6081945373
EUW1_6087124569,EUW1_6087038958,EUW1_6086617769,EUW1_6084859803,EUW1_6084523013,EUW1_6084266394,EUW1_6083178313,EUW1_6083174671,EUW1_6082538467,EUW1_6082192888,EUW1_6081937894,EUW1_6081568939,EUW1_6081355240,EUW1_6080902054,EUW1_6080877029,EUW1_6080752860,EUW1_6080628582,EUW1_6080615608,EUW1_6080531706,EUW1_6080299859
EUW1_6073124662,EUW1_6069989400,EUW1_6069966164,EUW1_6069449751,EUW1_6069523049,EUW1_6068043467,EUW1_6067648662,EUW1_6067634592,EUW1_6067510445,EUW1_6067506658,EUW1_6067468299,EUW1_6067217606,EUW1_6067149048,EUW1_6066628371,EUW1_6066615332,EUW1_6065621162,EUW1_6064898304,EUW1_6064845586,EUW1_6064480546,EUW1_6064445165
EUW1_6085492293,EUW1_6085499415,EUW1_6084205319,EUW1_6083410271,EUW1_6083105369,EUW1_6083030970,EUW1_6082975007,EUW1_6082807875,EUW1_6082531564,EUW1_6082337394,EUW1_6082301990,EUW1_6082299028,EUW1_6082296231,EUW1_6078142792,EUW1_6078076253,EUW1_6077983894,EUW1_6076747145,EUW1_6076710825,EUW1_6075177380,EUW1_6075114660
EUW1_6087109671,EUW1_6085759650,EUW1_6085619301,EUW1_6085672513,EUW1_6085492878,EUW1_6085342773,EUW1_6084962194,EUW1_6083178313,EUW1_6083233186,EUW1_6083105369,EUW1_6082199457,EUW1_6082153451,EUW1_6081598242,EUW1_6081524373,EUW1_6081401367,EUW1_6081272478,EUW1_6081052135,EUW1_6081013321,EUW1_6080927882,EUW1_6080902054
EUW1_6084812252,EUW1_6084829630,EUW1_6084707980,EUW1_6083547652,EUW1_6083543952,EUW1_6083451776,EUW1_6083370833,EUW1_6081971090,EUW1_6081832238,EUW1_6081829203,EUW1_6081742073,EUW1_6081083775,EUW1_6080946440,EUW1_6080812094,EUW1_6080835264,EUW1_6080707623,EUW1_6080529302,EUW1_6080505658,EUW1_6080178267,EUW1_6080173582
EUW1_6085142584,EUW1_6081494278,EUW1_6078103875,EUW1_6071356352,EUW1_6065908053,EUW1_6065548786,EUW1_6061270746,EUW1_6061325146,EUW1_6058592197,EUW1_6056674172,EUW1_6056509346,EUW1_6056533915,EUW1_6054901868,EUW1_6054835715,EUW1_6049096131,EUW1_6048910442,EUW1_6046143885,EUW1_6046057203,EUW1_6045820897,EUW1_6044820134
EUW1_6076206917,EUW1_6075811849,EUW1_6075770035,EUW1_6075582840,EUW1_6075568408,EUW1_6075546568,EUW1_6075513562,EUW1_6074599638,EUW1_6074622901,EUW1_6074485745,EUW1_6074390944,EUW1_6074475867,EUW1_6074422670,EUW1_6069162278,EUW1_6068483417,EUW1_6068195998,EUW1_6068052985,EUW1_6067900471,EUW1_6066987383,EUW1_6066961554
EUW1_6087204134,EUW1_6087044345,EUW1_6086978402,EUW1_6086871199,EUW1_6086796906,EUW1_6086669793,EUW1_6086676297,EUW1_6086539066,EUW1_6086533207,EUW1_6086428336,EUW1_6086341090,EUW1_6086327495,EUW1_6085903522,EUW1_6085741191,EUW1_6085679157,EUW1_6085644385,EUW1_6085577240,EUW1_6085474661,EUW1_6085389195,EUW1_6085321636
EUW1_6087057335,EUW1_6087053255,EUW1_6086979792,EUW1_6086746609,EUW1_6086733239,EUW1_6086669767,EUW1_6085944284,EUW1_6085493244,EUW1_6084707980,EUW1_6084753469,EUW1_6084723345,EUW1_6084496830,EUW1_6084495152,EUW1_6084345199,EUW1_6084259895,EUW1_6084248170,EUW1_6084166836,EUW1_6084081232,EUW1_6084084426,EUW1_6083978868
EUW1_6086751875,EUW1_6086727750,EUW1_6083952587,EUW1_6083651783,EUW1_6083616083,EUW1_6082076341,EUW1_6082004062,EUW1_6081573346,EUW1_6078176901,EUW1_6078060390,EUW1_6078114806,EUW1_6076452325,EUW1_6074995729,EUW1_6073849149,EUW1_6073759280,EUW1_6073764537,EUW1_6073622769,EUW1_6073555093,EUW1_6073382812,EUW1_6071604332
EUW1_6082197480,EUW1_6082146048,EUW1_6081560322,EUW1_6081567492,EUW1_6081563835,EUW1_6081469576,EUW1_6081391615,EUW1_6081319113,EUW1_6081285331,EUW1_6081138540,EUW1_6081062373,EUW1_6080259209,EUW1_6080294986,EUW1_6080110485,EUW1_6080185520,EUW1_6080079473,EUW1_6080072612,EUW1_6079979267,EUW1_6079901872,EUW1_6079887432
EUW1_6086688467,EUW1_6086492120,EUW1_6086428392,EUW1_6085202260,EUW1_6084916723,EUW1_6084893710,EUW1_6084187314,EUW1_6084157803,EUW1_6083670983,EUW1_6083727167,EUW1_6082181977,EUW1_6082148773,EUW1_6082125475,EUW1_6081353413,EUW1_6081140171,EUW1_6081194666,EUW1_6081102617,EUW1_6081095638,EUW1_6081042922,EUW1_6080920086
EUW1_6086995484,EUW1_6086507888,EUW1_6086484162,EUW1_6086234626,EUW1_6084885464,EUW1_6084828289,EUW1_6084732222,EUW1_6084718380,EUW1_6084662454,EUW1_6084692812,EUW1_6083980335,EUW1_6083566164,EUW1_6083512179,EUW1_6083529742,EUW1_6083487443,EUW1_6082188779,EUW1_6082081882,EUW1_6082057451,EUW1_6081819849,EUW1_6081807617
EUW1_6083827858,EUW1_6083761268,EUW1_6082176713,EUW1_6082081122,EUW1_6080840076,EUW1_6080823455,EUW1_6079552382,EUW1_6071356662,EUW1_6071311336,EUW1_6071307165,EUW1_6071282636,EUW1_6071080649,EUW1_6070057802,EUW1_6066709080,EUW1_6066753912,EUW1_6062025947,EUW1_6060922040,EUW1_6060656694,EUW1_6059750216,EUW1_6059714896
EUW1_6085230218,EUW1_6085067806,EUW1_6085031814,EUW1_6084785808,EUW1_6084793817,EUW1_6084750352,EUW1_6084708748,EUW1_6084416195,EUW1_6083819875,EUW1_6083604417,EUW1_6083524773,EUW1_6083233186,EUW1_6083139639,EUW1_6083153781,EUW1_6082371321,EUW1_6082242636,EUW1_6081917097,EUW1_6081842448,EUW1_6081497816,EUW1_6081281715
EUW1_6086815828,EUW1_6086802997,EUW1_6082161884,EUW1_6078678873,EUW1_6074435186,EUW1_6073981073,EUW1_6073757984,EUW1_6073620405,EUW1_6073580707,EUW1_6073426718,EUW1_6070444820,EUW1_6070397033,EUW1_6070299020,EUW1_6070236557,EUW1_6068473186,EUW1_6068363383,EUW1_6065098437,EUW1_6065103592,EUW1_6065009603,EUW1_6064347551
EUW1_6084199097,EUW1_6078777567,EUW1_6078774214,EUW1_6078682423,EUW1_6078677827,EUW1_6078027514,EUW1_6077341290,EUW1_6076680585,EUW1_6076677505,EUW1_6076644212,EUW1_6076578991,EUW1_6076634230,EUW1_6069503391,EUW1_6069409502,EUW1_6069396979,EUW1_6069384581,EUW1_6069319749,EUW1_6069257327,EUW1_6069253569,EUW1_6069140518
EUW1_6078229553,EUW1_6077613868,EUW1_6072243572,EUW1_6072038616,EUW1_6071970169,EUW1_6070554631,EUW1_6070280504,EUW1_6066175858,EUW1_6066080844,EUW1_6066114513,EUW1_6064428851,EUW1_6063024143,EUW1_6062926277,EUW1_6062666092,EUW1_6061687043,EUW1_6057222565,EUW1_6057118578,EUW1_6057032854,EUW1_6056933473,EUW1_6056868344
EUW1_6086751020,EUW1_6086689536,EUW1_6086677150,EUW1_6086703035,EUW1_6086551544,EUW1_6086547995,EUW1_6086574063,EUW1_6086508484,EUW1_6086328956,EUW1_6085941898,EUW1_6085888256,EUW1_6086004768,EUW1_6085886109,EUW1_6085894948,EUW1_6085933530,EUW1_6085922567,EUW1_6085740142,EUW1_6085668744,EUW1_6085514725,EUW1_6085423321
EUW1_6081484320,EUW1_6081328692,EUW1_6081362576,EUW1_6081296400,EUW1_6081131330,EUW1_6081154431,EUW1_6080741193,EUW1_6080747869,EUW1_6080656373,EUW1_6080279530,EUW1_6080285096,EUW1_6075531922,EUW1_6075568408,EUW1_6075546329,EUW1_6075522880,EUW1_6075419946,EUW1_6075417853,EUW1_6074918890,EUW1_6073678314,EUW1_6073603512
EUW1_6086857348,EUW1_6086337810,EUW1_6086307229,EUW1_6086266735,EUW1_6085348925,EUW1_6085303689,EUW1_6084764372,EUW1_6084205319,EUW1_6084116666,EUW1_6084009484,EUW1_6084042922,EUW1_6083896663,EUW1_6083812312,EUW1_6083827858,EUW1_6083761268,EUW1_6083756379,EUW1_6083019960,EUW1_6083033498,EUW1_6082828250,EUW1_6082522151
EUW1_6086928468,EUW1_6086835656,EUW1_6086743708,EUW1_6086622449,EUW1_6085348567,EUW1_6085261600,EUW1_6084805961,EUW1_6084716665,EUW1_6084196835,EUW1_6084150577,EUW1_6084065671,EUW1_6083471678,EUW1_6083487889,EUW1_6083543952,EUW1_6083411040,EUW1_6083369801,EUW1_6082828250,EUW1_6082863374,EUW1_6082574386,EUW1_6081914355
EUW1_6086275072,EUW1_6084845873,EUW1_6083529742,EUW1_6083080985,EUW1_6083125001,EUW1_6082174820,EUW1_6082031924,EUW1_6081889187,EUW1_6081196470,EUW1_6080656373,EUW1_6080582430,EUW1_6080178267,EUW1_6078840804,EUW1_6078823013,EUW1_6078678873,EUW1_6078664137,EUW1_6078639758,EUW1_6078558731,EUW1_6078596538,EUW1_6078258282
EUW1_6086463468,EUW1_6086417793,EUW1_6086345621,EUW1_6084019766,EUW1_6083994718,EUW1_6083889952,EUW1_6083039718,EUW1_6082024786,EUW1_6081979431,EUW1_6081171282,EUW1_6081051937,EUW1_6080707623,EUW1_6080642432,EUW1_6080667791,EUW1_6078885264,EUW1_6062205455,EUW1_6062030665,EUW1_6062008828,EUW1_6062014909,EUW1_6061950780
EUW1_6087112003,EUW1_6087116947,EUW1_6087094287,EUW1_6086732561,EUW1_6086622449,EUW1_6086617769,EUW1_6086525934,EUW1_6086509654,EUW1_6086505906,EUW1_6086432983,EUW1_6086389020,EUW1_6086337024,EUW1_6086311061,EUW1_6085365870,EUW1_6085348567,EUW1_6085137082,EUW1_6085031814,EUW1_6085047009,EUW1_6085014162,EUW1_6083950988
EUW1_6074028819,EUW1_6074066199,EUW1_6074073500,EUW1_6073960700,EUW1_6073814219,EUW1_6073778079,EUW1_6073752842,EUW1_6073675709,EUW1_6073568716,EUW1_6073412374,EUW1_6073454071,EUW1_6073311337,EUW1_6073306902,EUW1_6073281935,EUW1_6073244918,EUW1_6073140137,EUW1_6073095121,EUW1_6072250579,EUW1_6072255219,EUW1_6072018865
EUW1_6084707980,EUW1_6084675199,EUW1_6084612354,EUW1_6084610140,EUW1_6083714054,EUW1_6083631514,EUW1_6083524773,EUW1_6083451776,EUW1_6083370833,EUW1_6083417835,EUW1_6082825115,EUW1_6082586885,EUW1_6082562579,EUW1_6082356919,EUW1_6081819849,EUW1_6081827496,EUW1_6081844667,EUW1_6081803018,EUW1_6081162654,EUW1_6081015779
EUW1_6085461407,EUW1_6085379217,EUW1_6085437009,EUW1_6085302449,EUW1_6085338440,EUW1_6084766906,EUW1_6084712130,EUW1_6084667825,EUW1_6084369167,EUW1_6084415706,EUW1_6084373693,EUW1_6082848329,EUW1_6082556678,EUW1_6081914355,EUW1_6081819849,EUW1_6081501342,EUW1_6081440575,EUW1_6080509609,EUW1_6079736643,EUW1_6078399224
EUW1_6086681059,EUW1_6086236651,EUW1_6086180923,EUW1_6084879740,EUW1_6084866059,EUW1_6084659342,EUW1_6084589433,EUW1_6083855028,EUW1_6083758305,EUW1_6083421586,EUW1_6083370833,EUW1_6083417835,EUW1_6082265168,EUW1_6082095782,EUW1_6082024259,EUW1_6081980145,EUW1_6081986533,EUW1_6081836029,EUW1_6081863401,EUW1_6081741655
EUW1_6080529302,EUW1_6076408566,EUW1_6075777949,EUW1_6075685470,EUW1_6075659887,EUW1_6075637169,EUW1_6075540433,EUW1_6074789188,EUW1_6074430416,EUW1_6074426654,EUW1_6074290797,EUW1_6074307916,EUW1_6064897570,EUW1_6063659242,EUW1_6062439196,EUW1_6062387244,EUW1_6062131148,EUW1_6062205455,EUW1_6062020400,EUW1_6062006651
EUW1_6086370167,EUW1_6086413682,EUW1_6070263361,EUW1_6067161684,EUW1_6065564205,EUW1_6065385065,EUW1_6065289421,EUW1_6065264959,EUW1_6065178417,EUW1_6062876089,EUW1_6062782002,EUW1_6062794664,EUW1_6062671728,EUW1_6061228465,EUW1_6061056691,EUW1_6061021542,EUW1_6061046316,EUW1_6060929373,EUW1_6060824880,EUW1_6059749304
EUW1_6086908130,EUW1_6086883320,EUW1_6086786992,EUW1_6086724871,EUW1_6085373875,EUW1_6082691068,EUW1_6082690728,EUW1_6084449265,EUW1_6084416195,EUW1_6084342197,EUW1_6084347239,EUW1_6082726345,EUW1_6082735940,EUW1_6082925659,EUW1_6082705610,EUW1_6083734758,EUW1_6083601208,EUW1_6083469731,EUW1_6082773394,EUW1_6082743081
EUW1_6086357348,EUW1_6086373131,EUW1_6086307229,EUW1_6086236651,EUW1_6086223271,EUW1_6086140568,EUW1_6084859934,EUW1_6084338779,EUW1_6083826708,EUW1_6083731823,EUW1_6083662431,EUW1_6083627753,EUW1_6083551595,EUW1_6083518480,EUW1_6083466573,EUW1_6083513194,EUW1_6083400330,EUW1_6081971280,EUW1_6081819877,EUW1_6079097696
EUW1_6083763407,EUW1_6083688582,EUW1_6083745256,EUW1_6083627154,EUW1_6080529331,EUW1_6080505658,EUW1_6077824349,EUW1_6076215214,EUW1_6075871602,EUW1_6073652322,EUW1_6073551417,EUW1_6069840777,EUW1_6069837368,EUW1_6066937257,EUW1_6066325300,EUW1_6063939401,EUW1_6062207380,EUW1_6055075249,EUW1_6054947919,EUW1_6054921117
EUW1_6082522151,EUW1_6082535892,EUW1_6082396485,EUW1_6082240052,EUW1_6082272697,EUW1_6082153451,EUW1_6082089683,EUW1_6082084057,EUW1_6081917116,EUW1_6081811656,EUW1_6081837887,EUW1_6081844667,EUW1_6081469576,EUW1_6081391615,EUW1_6081325983,EUW1_6081296963,EUW1_6081154641,EUW1_6080927882,EUW1_6080900486,EUW1_6080813798
EUW1_6087050318,EUW1_6087023105,EUW1_6086962846,EUW1_6086886162,EUW1_6084692812,EUW1_6084598063,EUW1_6084360616,EUW1_6084265384,EUW1_6084196835,EUW1_6084077447,EUW1_6083989806,EUW1_6084042823,EUW1_6083906262,EUW1_6083819279,EUW1_6083804188,EUW1_6083755183,EUW1_6082209452,EUW1_6082213397,EUW1_6077980987,EUW1_6077944759
EUW1_6087204134,EUW1_6087118319,EUW1_6087094287,EUW1_6086949911,EUW1_6087002668,EUW1_6086828704,EUW1_6086762037,EUW1_6086712259,EUW1_6086679514,EUW1_6086249851,EUW1_6086305880,EUW1_6085690160,EUW1_6085644385,EUW1_6085577240,EUW1_6085387351,EUW1_6085310177,EUW1_6085267201,EUW1_6085230218,EUW1_6085060931,EUW1_6085053609
EUW1_6087204134,EUW1_6087079761,EUW1_6086614985,EUW1_6085731480,EUW1_6085699959,EUW1_6085698245,EUW1_6085536012,EUW1_6085372274,EUW1_6085373875,EUW1_6084941555,EUW1_6084898624,EUW1_6084896969,EUW1_6084895395,EUW1_6084347239,EUW1_6084182102,EUW1_6084225107,EUW1_6083910205,EUW1_6083895012,EUW1_6083187277,EUW1_6083232743
EUW1_6082114211,EUW1_6081188429,EUW1_6081115203,EUW1_6080173582,EUW1_6079887432,EUW1_6076898401,EUW1_6076749310,EUW1_6076683706,EUW1_6075033235,EUW1_6074955936,EUW1_6074789188,EUW1_6074001748,EUW1_6074059547,EUW1_6074017834,EUW1_6074024520,EUW1_6073982748,EUW1_6073978208,EUW1_6072389530,EUW1_6072437110,EUW1_6072484289
EUW1_6081990643,EUW1_6081842448,EUW1_6081567492,EUW1_6077782480,EUW1_6077619507,EUW1_6077460881,EUW1_6077291521,EUW1_6074836639,EUW1_6069231404,EUW1_6068361099,EUW1_6068364441,EUW1_6068199650,EUW1_6068175107,EUW1_6068138024,EUW1_6067693437,EUW1_6066816907,EUW1_6066175858,EUW1_6065908053,EUW1_6065645469,EUW1_6065368672
EUW1_6084465661,EUW1_6084523013,EUW1_6084441069,EUW1_6078500966,EUW1_6078130042,EUW1_6076711055,EUW1_6075377919,EUW1_6075367449,EUW1_6075336906,EUW1_6075277911,EUW1_6075216979,EUW1_6071871556,EUW1_6071927769,EUW1_6071874839,EUW1_6071680776,EUW1_6070720646,EUW1_6070639995,EUW1_6070646742,EUW1_6070662751,EUW1_6070628169
EUW1_6087109671,EUW1_6087115241,EUW1_6087062878,EUW1_6086956730,EUW1_6086905523,EUW1_6086762037,EUW1_6086748909,EUW1_6086794547,EUW1_6086630820,EUW1_6086626104,EUW1_6086435411,EUW1_6086350990,EUW1_6086345621,EUW1_6086290614,EUW1_6086238978,EUW1_6085726447,EUW1_6085673731,EUW1_6085520636,EUW1_6085572813,EUW1_6085388744
EUW1_6086676800,EUW1_6086552373,EUW1_6082181977,EUW1_6082057779,EUW1_6082044756,EUW1_6081597440,EUW1_6081524373,EUW1_6081459189,EUW1_6081212688,EUW1_6080800536,EUW1_6080757471,EUW1_6080753255,EUW1_6080640666,EUW1_6080695872,EUW1_6080208193,EUW1_6080254116,EUW1_6080130689,EUW1_6080185520,EUW1_6080096223,EUW1_6079970267
EUW1_6086460114,EUW1_6086442497,EUW1_6086397841,EUW1_6086282304,EUW1_6086307229,EUW1_6086236651,EUW1_6086214990,EUW1_6085045693,EUW1_6084958090,EUW1_6084885464,EUW1_6084801489,EUW1_6084837421,EUW1_6084775282,EUW1_6084718221,EUW1_6084695922,EUW1_6084733244,EUW1_6083796130,EUW1_6083762766,EUW1_6083754592,EUW1_6083592012
EUW1_6083185827,EUW1_6083160492,EUW1_6083097608,EUW1_6083051518,EUW1_6082209299,EUW1_6078314121,EUW1_6078230984,EUW1_6078149648,EUW1_6077710938,EUW1_6077695199,EUW1_6077608595,EUW1_6077546140,EUW1_6077450388,EUW1_6075304495,EUW1_6075292642,EUW1_6075190398,EUW1_6075246462,EUW1_6075263619,EUW1_6075130471,EUW1_6074749069
EUW1_6086550496,EUW1_6085472583,EUW1_6085224772,EUW1_6085137082,EUW1_6080771028,EUW1_6080582430,EUW1_6080597264,EUW1_6080525253,EUW1_6078072259,EUW1_6077808799,EUW1_6077502758,EUW1_6077387634,EUW1_6076449382,EUW1_6073463067,EUW1_6073088116,EUW1_6073153193,EUW1_6069239557,EUW1_6069232497,EUW1_6069164668,EUW1_6067676031
EUW1_6076788137,EUW1_6076721804,EUW1_6076653607,EUW1_6076617000,EUW1_6076428542,EUW1_6076125805,EUW1_6075798775,EUW1_6075792520,EUW1_6075777164,EUW1_6074232206,EUW1_6074208917,EUW1_6074015781,EUW1_6074002934,EUW1_6073940613,EUW1_6073904926,EUW1_6073856344,EUW1_6073779597,EUW1_6073422147,EUW1_6073019862,EUW1_6073016390
EUW1_6084929879,EUW1_6084885464,EUW1_6081062373,EUW1_6081037020,EUW1_6081013321,EUW1_6079804837,EUW1_6076210717,EUW1_6076144892,EUW1_6074588551,EUW1_6073416513,EUW1_6070255196,EUW1_6070119764,EUW1_6068364441,EUW1_6067156285,EUW1_6065365329,EUW1_6064078205,EUW1_6063960072,EUW1_6061006655,EUW1_6060929373,EUW1_6059470189
EUW1_6084812768,EUW1_6083604417,EUW1_6083531010,EUW1_6083547473,EUW1_6081980369,EUW1_6081957778,EUW1_6081933163,EUW1_6081819877,EUW1_6080603978,EUW1_6080529302,EUW1_6080595381,EUW1_6075558878,EUW1_6075506348,EUW1_6074308672,EUW1_6074295293,EUW1_6073102752,EUW1_6071092829,EUW1_6069816211,EUW1_6064888413,EUW1_6064495311
EUW1_6083761268,EUW1_6083745697,EUW1_6083649258,EUW1_6083567693,EUW1_6083574144,EUW1_6083482145,EUW1_6080757471,EUW1_6080671950,EUW1_6080605906,EUW1_6074611036,EUW1_6074542102,EUW1_6074567569,EUW1_6074562911,EUW1_6074475867,EUW1_6073254114,EUW1_6073178143,EUW1_6073094257,EUW1_6071716040,EUW1_6071624922,EUW1_6071285867
EUW1_6087115241,EUW1_6087023105,EUW1_6086871199,EUW1_6086811429,EUW1_6086778772,EUW1_6086764373,EUW1_6086233007,EUW1_6086178988,EUW1_6085033833,EUW1_6084273985,EUW1_6084227071,EUW1_6083903589,EUW1_6083809038,EUW1_6083825101,EUW1_6083615383,EUW1_6083471678,EUW1_6083547652,EUW1_6083543952,EUW1_6083421586,EUW1_6083370037
EUW1_6087091565,EUW1_6086982419,EUW1_6086604829,EUW1_6086479342,EUW1_6086445070,EUW1_6086442516,EUW1_6085562254,EUW1_6085510906,EUW1_6085508204,EUW1_6085310177,EUW1_6085163406,EUW1_6085137082,EUW1_6085113920,EUW1_6085009478,EUW1_6085035754,EUW1_6084951449,EUW1_6084948027,EUW1_6084398303,EUW1_6084360616,EUW1_6083108743
EUW1_6087195332,EUW1_6087109671,EUW1_6087094287,EUW1_6087008393,EUW1_6086964222,EUW1_6086886162,EUW1_6086761919,EUW1_6086778772,EUW1_6086764373,EUW1_6086688467,EUW1_6084996911,EUW1_6084327513,EUW1_6084182102,EUW1_6084206141,EUW1_6083960370,EUW1_6083917917,EUW1_6083851135,EUW1_6083827858,EUW1_6083761880,EUW1_6083756724
EUW1_6087132593,EUW1_6087115241,EUW1_6087023105,EUW1_6086946307,EUW1_6086886162,EUW1_6086815828,EUW1_6086732561,EUW1_6086676800,EUW1_6086552373,EUW1_6086549870,EUW1_6086604829,EUW1_6086479342,EUW1_6086484860,EUW1_6086442516,EUW1_6086289586,EUW1_6086297072,EUW1_6086285236,EUW1_6086223271,EUW1_6086178988,EUW1_6086129260
EUW1_6086410175,EUW1_6086343268,EUW1_6084504967,EUW1_6084409946,EUW1_6083736519,EUW1_6082848329,EUW1_6081233029,EUW1_6081146990,EUW1_6079721041,EUW1_6075884189,EUW1_6075580687,EUW1_6075066028,EUW1_6073692056,EUW1_6072248098,EUW1_6071120988,EUW1_6070027361,EUW1_6069347552,EUW1_6067376002,EUW1_6064439340,EUW1_6061445905
EUW1_6076871867,EUW1_6076928676,EUW1_6076844361,EUW1_6076786408,EUW1_6076689604,EUW1_6076695068,EUW1_6076608463,EUW1_6076451840,EUW1_6076390283,EUW1_6076394849,EUW1_6076139581,EUW1_6076113636,EUW1_6074065823,EUW1_6074032691,EUW1_6073898986,EUW1_6070763798,EUW1_6070688578,EUW1_6070498369,EUW1_6070360397,EUW1_6070252161
EUW1_6087176570,EUW1_6087100901,EUW1_6086816162,EUW1_6086712259,EUW1_6086616000,EUW1_6086534235,EUW1_6086407738,EUW1_6085738850,EUW1_6085648011,EUW1_6085577240,EUW1_6085472583,EUW1_6085199842,EUW1_6085152283,EUW1_6085075374,EUW1_6084871516,EUW1_6084917190,EUW1_6084864722,EUW1_6084809523,EUW1_6084766906,EUW1_6084458205
EUW1_6086307229,EUW1_6086266735,EUW1_6086215670,EUW1_6085390049,EUW1_6085434137,EUW1_6085268003,EUW1_6084065671,EUW1_6082874456,EUW1_6082525713,EUW1_6081375739,EUW1_6079482555,EUW1_6077554896,EUW1_6077450983,EUW1_6077496030,EUW1_6076210717,EUW1_6074774427,EUW1_6073390307,EUW1_6073415098,EUW1_6073311337,EUW1_6073296860
EUW1_6087079995,EUW1_6086866745,EUW1_6085877667,EUW1_6085903522,EUW1_6085668958,EUW1_6085424476,EUW1_6085337892,EUW1_6085303689,EUW1_6085189535,EUW1_6085243068,EUW1_6085089267,EUW1_6084496458,EUW1_6084503484,EUW1_6083989806,EUW1_6084003877,EUW1_6083812312,EUW1_6083855028,EUW1_6083783010,EUW1_6083208384,EUW1_6083195540
EUW1_6086241448,EUW1_6086248031,EUW1_6086285236,EUW1_6085219103,EUW1_6085163406,EUW1_6085137082,EUW1_6084723345,EUW1_6084451047,EUW1_6084387013,EUW1_6084272352,EUW1_6084317327,EUW1_6084094196,EUW1_6083551595,EUW1_6083476881,EUW1_6083463815,EUW1_6083237924,EUW1_6083141510,EUW1_6083107627,EUW1_6083021964,EUW1_6082154647
EUW1_6086526743,EUW1_6086397841,EUW1_6086364093,EUW1_6086308740,EUW1_6084801454,EUW1_6084775282,EUW1_6084722103,EUW1_6084695922,EUW1_6083961116,EUW1_6083906262,EUW1_6083837696,EUW1_6083757830,EUW1_6083600488,EUW1_6083615019,EUW1_6083332425,EUW1_6082816162,EUW1_6081971090,EUW1_6081957778,EUW1_6081973278,EUW1_6081817550
EUW1_6076883311,EUW1_6076769359,EUW1_6076763465,EUW1_6076676477,EUW1_6076629891,EUW1_6076401165,EUW1_6076435864,EUW1_6076156770,EUW1_6075826745,EUW1_6075803398,EUW1_6075698246,EUW1_6075722955,EUW1_6075669627,EUW1_6075292879,EUW1_6075220783,EUW1_6075236643,EUW1_6074962761,EUW1_6074073500,EUW1_6073900970,EUW1_6073929614
EUW1_6084831852,EUW1_6084806992,EUW1_6081933163,EUW1_6079821855,EUW1_6079804837,EUW1_6079777281,EUW1_6079662016,EUW1_6079541410,EUW1_6079548185,EUW1_6079544136,EUW1_6079399830,EUW1_6078823013,EUW1_6078708872,EUW1_6077456337,EUW1_6077389114,EUW1_6077383836,EUW1_6076881356,EUW1_6076864324,EUW1_6076800223,EUW1_6076730131
EUW1_6086500372,EUW1_6086505906,EUW1_6086412190,EUW1_6085293410,EUW1_6085246013,EUW1_6085091507,EUW1_6085136436,EUW1_6085040005,EUW1_6085024647,EUW1_6084729188,EUW1_6084443392,EUW1_6084309776,EUW1_6084325766,EUW1_6084199097,EUW1_6084077388,EUW1_6084010835,EUW1_6084044562,EUW1_6083906262,EUW1_6083632857,EUW1_6083487443
EUW1_6087094287,EUW1_6086998354,EUW1_6086875298,EUW1_6086233983,EUW1_6085335357,EUW1_6085232478,EUW1_6084769584,EUW1_6084325766,EUW1_6084255870,EUW1_6084100555,EUW1_6083980335,EUW1_6083682112,EUW1_6081811280,EUW1_6081857225,EUW1_6081884957,EUW1_6081805140,EUW1_6081171282,EUW1_6080027442,EUW1_6078710615,EUW1_6078689752
EUW1_6087023105,EUW1_6085031814,EUW1_6084934092,EUW1_6084790354,EUW1_6083989806,EUW1_6083040053,EUW1_6081051167,EUW1_6079774692,EUW1_6077710938,EUW1_6076904072,EUW1_6076609087,EUW1_6074962551,EUW1_6074110052,EUW1_6074118002,EUW1_6074060119,EUW1_6073988426,EUW1_6074025126,EUW1_6073952309,EUW1_6073907590,EUW1_6073914163
EUW1_6084690097,EUW1_6083756724,EUW1_6080542365,EUW1_6080529302,EUW1_6080526372,EUW1_6078766572,EUW1_6078812533,EUW1_6077409820,EUW1_6077386094,EUW1_6077412469,EUW1_6077337563,EUW1_6077294167,EUW1_6075680242,EUW1_6075667069,EUW1_6075614324,EUW1_6075494028,EUW1_6072463607,EUW1_6072271753,EUW1_6072307065,EUW1_6069127307
EUW1_6086525934,EUW1_6085883820,EUW1_6085682366,EUW1_6085710797,EUW1_6084065671,EUW1_6083989806,EUW1_6084014226,EUW1_6083197470,EUW1_6083254007,EUW1_6083174241,EUW1_6083082138,EUW1_6082187461,EUW1_6082154647,EUW1_6082031924,EUW1_6082077421,EUW1_6080649730,EUW1_6079620563,EUW1_6079643602,EUW1_6079587526,EUW1_6079533022
EUW1_6085915635,EUW1_6085893473,EUW1_6083317685,EUW1_6083345779,EUW1_6083324994,EUW1_6083283018,EUW1_6083230598,EUW1_6083178313,EUW1_6082229519,EUW1_6082213397,EUW1_6082188779,EUW1_6082173830,EUW1_6081705888,EUW1_6081753268,EUW1_6081732568,EUW1_6081631047,EUW1_6081688455,EUW1_6081656963,EUW1_6081633897,EUW1_6081549679
EUW1_6084320047,EUW1_6081124147,EUW1_6081097773,EUW1_6081001453,EUW1_6080927882,EUW1_6080832452,EUW1_6073602088,EUW1_6073675709,EUW1_6066394687,EUW1_6066422950,EUW1_6066300636,EUW1_6066277926,EUW1_6066334066,EUW1_6066249548,EUW1_6066222628,EUW1_6064578018,EUW1_6064131466,EUW1_6064183322,EUW1_6064016883,EUW1_6063737724
EUW1_6086540274,EUW1_6086509654,EUW1_6086353828,EUW1_6086280423,EUW1_6086297072,EUW1_6086303185,EUW1_6086223271,EUW1_6084882756,EUW1_6084829630,EUW1_6084846379,EUW1_6084774698,EUW1_6084672331,EUW1_6084675928,EUW1_6084659342,EUW1_6084206141,EUW1_6084116666,EUW1_6083990892,EUW1_6084042823,EUW1_6083945065,EUW1_6083849991
EUW1_6071214952,EUW1_6071042410,EUW1_6071078390,EUW1_6071094151,EUW1_6071082508,EUW1_6070941231,EUW1_6069868691,EUW1_6069855597,EUW1_6069893361,EUW1_6069759779,EUW1_6069267362,EUW1_6068403868,EUW1_6065952407,EUW1_6068403025,EUW1_6068297077,EUW1_6068191147,EUW1_6068214549,EUW1_6068127419,EUW1_6068060225,EUW1_6067977944
EUW1_6086882418,EUW1_6083567693,EUW1_6083551595,EUW1_6083529742,EUW1_6078065494,EUW1_6077958008,EUW1_6076538834,EUW1_6076522631,EUW1_6076428542,EUW1_6070375955,EUW1_6069857995,EUW1_6069913804,EUW1_6066742281,EUW1_6066709080,EUW1_6066714527,EUW1_6063953852,EUW1_6063899457,EUW1_6063779281,EUW1_6058242260,EUW1_6058227505
EUW1_6086497866,EUW1_6086462653,EUW1_6086328888,EUW1_6086374922,EUW1_6084988458,EUW1_6084911937,EUW1_6084926933,EUW1_6084708661,EUW1_6084168640,EUW1_6083796443,EUW1_6083592012,EUW1_6083647853,EUW1_6083613610,EUW1_6083539179,EUW1_6081981585,EUW1_6080970620,EUW1_6080837128,EUW1_6080745089,EUW1_6080649730,EUW1_6080664520
EUW1_6086680040,EUW1_6086596361,EUW1_6086542727,EUW1_6086307229,EUW1_6086275779,EUW1_6085873974,EUW1_6085710238,EUW1_6085010936,EUW1_6084856864,EUW1_6084776852,EUW1_6084698069,EUW1_6084262333,EUW1_6084198958,EUW1_6084159415,EUW1_6083950988,EUW1_6083051518,EUW1_6083036861,EUW1_6082891694,EUW1_6082012198,EUW1_6082057779
EUW1_6086529435,EUW1_6086526857,EUW1_6086430796,EUW1_6086484162,EUW1_6085493244,EUW1_6085331871,EUW1_6085308080,EUW1_6085334512,EUW1_6085193912,EUW1_6085028360,EUW1_6084951449,EUW1_6084868139,EUW1_6082225138,EUW1_6082146439,EUW1_6082030764,EUW1_6081980369,EUW1_6081842448,EUW1_6081214208,EUW1_6081115203,EUW1_6081008578
EUW1_6087195332,EUW1_6087109506,EUW1_6087104661,EUW1_6086939394,EUW1_6086847119,EUW1_6086761919,EUW1_6086756620,EUW1_6086742823,EUW1_6086627949,EUW1_6086578566,EUW1_6086525934,EUW1_6086460114,EUW1_6086442497,EUW1_6085441128,EUW1_6084826888,EUW1_6084381201,EUW1_6084416397,EUW1_6084363918,EUW1_6084324116,EUW1_6084199302
EUW1_6087062878,EUW1_6086725961,EUW1_6086630820,EUW1_6086599786,EUW1_6086432437,EUW1_6086435411,EUW1_6086248371,EUW1_6085474386,EUW1_6085389195,EUW1_6085342049,EUW1_6085010936,EUW1_6084962194,EUW1_6084924257,EUW1_6084757504,EUW1_6084667825,EUW1_6084683160,EUW1_6084590288,EUW1_6084227071,EUW1_6083520474,EUW1_6083489648
EUW1_6087096718,EUW1_6086928468,EUW1_6086882418,EUW1_6086886162,EUW1_6086761919,EUW1_6086742823,EUW1_6086669398,EUW1_6086619233,EUW1_6086355478,EUW1_6086221089,EUW1_6086305418,EUW1_6085387351,EUW1_6085310177,EUW1_6085324372,EUW1_6085169166,EUW1_6085030850,EUW1_6085033222,EUW1_6084917190,EUW1_6084084426,EUW1_6084047052
EUW1_6087183496,EUW1_6086626954,EUW1_6086644067,EUW1_6086568348,EUW1_6082971922,EUW1_6082161455,EUW1_6081412931,EUW1_6081024502,EUW1_6080760072,EUW1_6080776635,EUW1_6080705097,EUW1_6079661043,EUW1_6079687092,EUW1_6079614690,EUW1_6077998183,EUW1_6077913420,EUW1_6076892229,EUW1_6076894392,EUW1_6076839376,EUW1_6076156920
EUW1_6086756620,EUW1_6085293410,EUW1_6083957299,EUW1_6082399491,EUW1_6081283996,EUW1_6079668836,EUW1_6078117045,EUW1_6076670991,EUW1_6076725554,EUW1_6076549247,EUW1_6076531795,EUW1_6076486228,EUW1_6075770035,EUW1_6075109073,EUW1_6074962551,EUW1_6073566407,EUW1_6071605353,EUW1_6070103078,EUW1_6068719634,EUW1_6067353827
EUW1_6086337024,EUW1_6086279639,EUW1_6085741845,EUW1_6085753829,EUW1_6085520636,EUW1_6084922429,EUW1_6084926933,EUW1_6084893710,EUW1_6084829976,EUW1_6084845873,EUW1_6084761997,EUW1_6084672331,EUW1_6084667825,EUW1_6083985988,EUW1_6083662431,EUW1_6083589110,EUW1_6083603773,EUW1_6083551399,EUW1_6083469731,EUW1_6083543320
EUW1_6085742054,EUW1_6084842816,EUW1_6084411817,EUW1_6083215719,EUW1_6082788509,EUW1_6082057451,EUW1_6081939671,EUW1_6081633897,EUW1_6081466975,EUW1_6081396507,EUW1_6080965204,EUW1_6080846390,EUW1_6080279109,EUW1_6080294572,EUW1_6080223120,EUW1_6079096692,EUW1_6078440882,EUW1_6078418223,EUW1_6078366405,EUW1_6078265066
EUW1_6086650025,EUW1_6086308740,EUW1_6086226961,EUW1_6084795740,EUW1_6084784504,EUW1_6084822478,EUW1_6084693614,EUW1_6083464523,EUW1_6082153694,EUW1_6082020342,EUW1_6082076341,EUW1_6080598533,EUW1_6080513402,EUW1_6080449853,EUW1_6080417903,EUW1_6078909024,EUW1_6078875653,EUW1_6078704475,EUW1_6076676426,EUW1_6075744373
EUW1_6086704100,EUW1_6086601820,EUW1_6086530181,EUW1_6085124764,EUW1_6085041493,EUW1_6085018869,EUW1_6084976892,EUW1_6079263771,EUW1_6079063484,EUW1_6079012463,EUW1_6078907303,EUW1_6078873134,EUW1_6078780130,EUW1_6078816395,EUW1_6077964724,EUW1_6077940962,EUW1_6077938465,EUW1_6077936800,EUW1_6075968603,EUW1_6076038125
EUW1_6084443392,EUW1_6082217397,EUW1_6081629872,EUW1_6081618987,EUW1_6081685933,EUW1_6081633897,EUW1_6081560322,EUW1_6081567492,EUW1_6079804837,EUW1_6079571116,EUW1_6078539896,EUW1_6078460259,EUW1_6078479058,EUW1_6078474906,EUW1_6078418249,EUW1_6065936224,EUW1_6063414502,EUW1_6063351406,EUW1_6063388599,EUW1_6063368104
EUW1_6087115241,EUW1_6085356972,EUW1_6085219103,EUW1_6085161202,EUW1_6084563962,EUW1_6084492434,EUW1_6084047052,EUW1_6083950988,EUW1_6083351899,EUW1_6083351025,EUW1_6082261443,EUW1_6080879602,EUW1_6080339397,EUW1_6080348282,EUW1_6080387275,EUW1_6079401276,EUW1_6078525913,EUW1_6078495276,EUW1_6078081758,EUW1_6078045890
EUW1_6084741498,EUW1_6084729188,EUW1_6084667825,EUW1_6084723345,EUW1_6084457019,EUW1_6084375087,EUW1_6084309776,EUW1_6083753571,EUW1_6083600488,EUW1_6083596831,EUW1_6083159215,EUW1_6083105369,EUW1_6083040053,EUW1_6081454160,EUW1_6081353514,EUW1_6081234928,EUW1_6081167743,EUW1_6080640670,EUW1_6080162775,EUW1_6080006685
EUW1_6086828704,EUW1_6086862990,EUW1_6086740472,EUW1_6080902054,EUW1_6080867321,EUW1_6076212194,EUW1_6076206917,EUW1_6071661740,EUW1_6071673384,EUW1_6071548757,EUW1_6071463919,EUW1_6068645006,EUW1_6068472919,EUW1_6067017283,EUW1_6066967322,EUW1_6066944017,EUW1_6066818779,EUW1_6065920017,EUW1_6065834745,EUW1_6065645469
EUW1_6085741191,EUW1_6084241072,EUW1_6084252949,EUW1_6084115994,EUW1_6083980335,EUW1_6084022931,EUW1_6082992585,EUW1_6073171657,EUW1_6073157799,EUW1_6063401656,EUW1_6063400239,EUW1_6063398164,EUW1_6063336572,EUW1_6063301438,EUW1_6063218887,EUW1_6063171280,EUW1_6062425042,EUW1_6062172443,EUW1_6055390075,EUW1_6055417044
EUW1_6086550985,EUW1_6085572813,EUW1_6085332790,EUW1_6085245495,EUW1_6085108679,EUW1_6085094592,EUW1_6084859934,EUW1_6083172858,EUW1_6083070892,EUW1_6083153781,EUW1_6082544085,EUW1_6081353514,EUW1_6081276477,EUW1_6081179656,EUW1_6081099078,EUW1_6080992512,EUW1_6080867321,EUW1_6080192625,EUW1_6079781953,EUW1_6079748019
EUW1_6087110876,EUW1_6087115161,EUW1_6086972081,EUW1_6086816162,EUW1_6086743954,EUW1_6086658395,EUW1_6086380555,EUW1_6086266735,EUW1_6086234626,EUW1_6085474386,EUW1_6085387928,EUW1_6085352446,EUW1_6085196153,EUW1_6085100639,EUW1_6085076165,EUW1_6085033833,EUW1_6084871516,EUW1_6084917190,EUW1_6084864722,EUW1_6084732222
EUW1_6087183840,EUW1_6086544267,EUW1_6074386913,EUW1_6073225248,EUW1_6070195063,EUW1_6066348901,EUW1_6065219323,EUW1_6065273120,EUW1_6064149214,EUW1_6064061238,EUW1_6064002297,EUW1_6063928344,EUW1_6063942856,EUW1_6061247074,EUW1_6061102038,EUW1_6060311905,EUW1_6059908554,EUW1_6051830329,EUW1_6051698816,EUW1_6049962302
EUW1_6086875298,EUW1_6086819093,EUW1_6083756724,EUW1_6083734758,EUW1_6080178985,EUW1_6080134289,EUW1_6076746121,EUW1_6076678980,EUW1_6076622065,EUW1_6069095985,EUW1_6068950178,EUW1_6068914360,EUW1_6068678717,EUW1_6065815315,EUW1_6065569203,EUW1_6064337851,EUW1_6064343092,EUW1_6063040782,EUW1_6058619511,EUW1_6058938386
EUW1_6079775236,EUW1_6079692256,EUW1_6079556166,EUW1_6079103848,EUW1_6078917129,EUW1_6078810604,EUW1_6078775318,EUW1_6078670707,EUW1_6078665339,EUW1_6078561471,EUW1_6078585702,EUW1_6077227841,EUW1_6077165959,EUW1_6077203015,EUW1_6076655912,EUW1_6074933081,EUW1_6071927403,EUW1_6069270215,EUW1_6069146160,EUW1_6069129894
EUW1_6082543152,EUW1_6082328090,EUW1_6081009413,EUW1_6080597264,EUW1_6080505658,EUW1_6080006685,EUW1_6079569768,EUW1_6078046810,EUW1_6078112977,EUW1_6078016577,EUW1_6077536212,EUW1_6075181079,EUW1_6075169491,EUW1_6075176208,EUW1_6074842356,EUW1_6074865934,EUW1_6074730996,EUW1_6073006259,EUW1_6071956309,EUW1_6071059591
EUW1_6086885793,EUW1_6086852464,EUW1_6086788893,EUW1_6086754054,EUW1_6086670541,EUW1_6086322954,EUW1_6086221207,EUW1_6085699959,EUW1_6085520636,EUW1_6085523807,EUW1_6085428576,EUW1_6085281946,EUW1_6085037645,EUW1_6084962194,EUW1_6084926324,EUW1_6084766906,EUW1_6084722308,EUW1_6084698965,EUW1_6084667825,EUW1_6084684621
EUW1_6078462946,EUW1_6077022681,EUW1_6076871878,EUW1_6076118208,EUW1_6076114550,EUW1_6075348513,EUW1_6070067579,EUW1_6070020970,EUW1_6069968072,EUW1_6067843680,EUW1_6067771144,EUW1_6067722308,EUW1_6067681927,EUW1_6067700032,EUW1_6067688811,EUW1_6067746116,EUW1_6067714783,EUW1_6067653195,EUW1_6067366344,EUW1_6066226921
EUW1_6086460114,EUW1_6086424877,EUW1_6086397841,EUW1_6083580135,EUW1_6083634281,EUW1_6083559949,EUW1_6083507922,EUW1_6083466573,EUW1_6082169267,EUW1_6082185385,EUW1_6082088613,EUW1_6082075115,EUW1_6081991313,EUW1_6081908437,EUW1_6081942534,EUW1_6081828490,EUW1_6081854092,EUW1_6081097773,EUW1_6080941583,EUW1_6080925348
EUW1_6087110876,EUW1_6087115161,EUW1_6086732840,EUW1_6084139229,EUW1_6084009484,EUW1_6083218304,EUW1_6083226781,EUW1_6083235373,EUW1_6082529390,EUW1_6082515856,EUW1_6082220170,EUW1_6081926653,EUW1_6080737841,EUW1_6080715453,EUW1_6080691515,EUW1_6080698540,EUW1_6080094222,EUW1_6079644153,EUW1_6077179286,EUW1_6076747145
EUW1_6084780249,EUW1_6075708371,EUW1_6075733595,EUW1_6075679934,EUW1_6074334523,EUW1_6074280644,EUW1_6073308710,EUW1_6073312641,EUW1_6073070519,EUW1_6073045347,EUW1_6069932187,EUW1_6069850740,EUW1_6068914360,EUW1_6068069478,EUW1_6067989652,EUW1_6066688428,EUW1_6066694865,EUW1_6066658361,EUW1_6066616626,EUW1_6066623725
EUW1_6086603458,EUW1_6086279639,EUW1_6086305880,EUW1_6086285236,EUW1_6086223271,EUW1_6084996911,EUW1_6084959987,EUW1_6084757504,EUW1_6084677128,EUW1_6084684621,EUW1_6083804047,EUW1_6083756724,EUW1_6083410827,EUW1_6083438130,EUW1_6083416991,EUW1_6081917994,EUW1_6081974158,EUW1_6081819849,EUW1_6081894713,EUW1_6081815350
EUW1_6072264901,EUW1_6072090614,EUW1_6072035584,EUW1_6071956309,EUW1_6071688863,EUW1_6071762730,EUW1_6070685689,EUW1_6070642564,EUW1_6070490321,EUW1_6070484105,EUW1_6070397033,EUW1_6070373211,EUW1_6070306215,EUW1_6070159153,EUW1_6067601739,EUW1_6067598020,EUW1_6067531991,EUW1_6067537645,EUW1_6067470685,EUW1_6067454009
EUW1_6087060936,EUW1_6086853320,EUW1_6086756620,EUW1_6086669793,EUW1_6086674070,EUW1_6086550496,EUW1_6086544267,EUW1_6086447054,EUW1_6086483027,EUW1_6086397841,EUW1_6085668958,EUW1_6085673731,EUW1_6085390724,EUW1_6085433552,EUW1_6085323379,EUW1_6085206179,EUW1_6085107844,EUW1_6084991615,EUW1_6084523013,EUW1_6084409946
EUW1_6083332425,EUW1_6082123523,EUW1_6081807617,EUW1_6080493631,EUW1_6079120634,EUW1_6078607033,EUW1_6078585772,EUW1_6078452423,EUW1_6078460259,EUW1_6078479058,EUW1_6078526759,EUW1_6077858917,EUW1_6077864252,EUW1_6077782480,EUW1_6077667761,EUW1_6077642852,EUW1_6077161276,EUW1_6077216348,EUW1_6077213364,EUW1_6077059409
EUW1_6086215670,EUW1_6086132428,EUW1_6086178988,EUW1_6084680423,EUW1_6084668496,EUW1_6084724586,EUW1_6084683160,EUW1_6084611164,EUW1_6083566164,EUW1_6083465065,EUW1_6083411525,EUW1_6083428013,EUW1_6083114240,EUW1_6083028062,EUW1_6082829160,EUW1_6082586885,EUW1_6082128598,EUW1_6082154647,EUW1_6080537380,EUW1_6080534680
EUW1_6087107138,EUW1_6086939179,EUW1_6077637025,EUW1_6077495603,EUW1_6077416830,EUW1_6077290264,EUW1_6076532025,EUW1_6073785258,EUW1_6072264901,EUW1_6072080204,EUW1_6071163510,EUW1_6071058899,EUW1_6070714378,EUW1_6070537619,EUW1_6069861542,EUW1_6069840058,EUW1_6069886456,EUW1_6066045836,EUW1_6065841738,EUW1_6062833961
EUW1_6087055467,EUW1_6086668232,EUW1_6086533207,EUW1_6086282304,EUW1_6086305418,EUW1_6085645153,EUW1_6085662814,EUW1_6085482632,EUW1_6085444096,EUW1_6084812252,EUW1_6084769702,EUW1_6084824048,EUW1_6084741498,EUW1_6084718380,EUW1_6084493379,EUW1_6084440433,EUW1_6084416397,EUW1_6084328161,EUW1_6084182102,EUW1_6084205319
EUW1_6086525934,EUW1_6086515547,EUW1_6086483556,EUW1_6084001443,EUW1_6083968518,EUW1_6079758125,EUW1_6077291521,EUW1_6075835524,EUW1_6075710499,EUW1_6075735927,EUW1_6075712589,EUW1_6075668068,EUW1_6075635185,EUW1_6075541450,EUW1_6075567153,EUW1_6074863033,EUW1_6074036786,EUW1_6074014249,EUW1_6073940613,EUW1_6073927168
EUW1_6086819093,EUW1_6084317327,EUW1_6083128673,EUW1_6083040053,EUW1_6082976353,EUW1_6082328090,EUW1_6082313192,EUW1_6082295700,EUW1_6082120770,EUW1_6082144241,EUW1_6082079812,EUW1_6082007817,EUW1_6081971090,EUW1_6081957276,EUW1_6081953133,EUW1_6081889187,EUW1_6081818726,EUW1_6081865859,EUW1_6081834116,EUW1_6081742073
EUW1_6087204134,EUW1_6087109506,EUW1_6087011140,EUW1_6086806593,EUW1_6086742823,EUW1_6085317665,EUW1_6085202260,EUW1_6085235813,EUW1_6085156189,EUW1_6084523013,EUW1_6083188224,EUW1_6083141510,EUW1_6083126300,EUW1_6083021964,EUW1_6082869801,EUW1_6081953133,EUW1_6080139771,EUW1_6080172865,EUW1_6080087723,EUW1_6079962391
EUW1_6086934911,EUW1_6084441069,EUW1_6084416397,EUW1_6083820006,EUW1_6083796130,EUW1_6083089562,EUW1_6080656373,EUW1_6080603978,EUW1_6077827235,EUW1_6075657618,EUW1_6075634209,EUW1_6075110061,EUW1_6074761259,EUW1_6074755125,EUW1_6073353203,EUW1_6073266364,EUW1_6072017613,EUW1_6071396916,EUW1_6071321436,EUW1_6070728368
EUW1_6084385905,EUW1_6084309776,EUW1_6079681991,EUW1_6077505234,EUW1_6073443394,EUW1_6073366572,EUW1_6064801744,EUW1_6064739439,EUW1_6064786618,EUW1_6064735613,EUW1_6064734261,EUW1_6064743020,EUW1_6064641373,EUW1_6064649950,EUW1_6064657604,EUW1_6064685416,EUW1_6064611370,EUW1_6063503337,EUW1_6062214430,EUW1_6056933473
EUW1_6086815828,EUW1_6084283354,EUW1_6083670198,EUW1_6083753571,EUW1_6083570216,EUW1_6081027662,EUW1_6080096223,EUW1_6073860943,EUW1_6073016170,EUW1_6072037108,EUW1_6071310774,EUW1_6071325929,EUW1_6071234976,EUW1_6070559924,EUW1_6070603959,EUW1_6070125522,EUW1_6070020970,EUW1_6069966164,EUW1_6068270067,EUW1_6068197074
EUW1_6085423025,EUW1_6085339761,EUW1_6085041780,EUW1_6084143037,EUW1_6083875640,EUW1_6083860837,EUW1_6083672314,EUW1_6083733655,EUW1_6083600918,EUW1_6081563694,EUW1_6081430306,EUW1_6080254116,EUW1_6080164294,EUW1_6080098712,EUW1_6080044334,EUW1_6079903817,EUW1_6079893425,EUW1_6079774692,EUW1_6079620563,EUW1_6079518918
EUW1_6087116742,EUW1_6087085275,EUW1_6087002399,EUW1_6086986413,EUW1_6086748909,EUW1_6086794547,EUW1_6086540274,EUW1_6086565723,EUW1_6086432437,EUW1_6086505906,EUW1_6086412190,EUW1_6086345766,EUW1_6086343530,EUW1_6085357614,EUW1_6085267493,EUW1_6085251346,EUW1_6084996911,EUW1_6084964956,EUW1_6084926933,EUW1_6084864722
EUW1_6073804295,EUW1_6073778079,EUW1_6073607689,EUW1_6073541239,EUW1_6073566407,EUW1_6073068489,EUW1_6073006578,EUW1_6073024147,EUW1_6069800193,EUW1_6069786224,EUW1_6069329883,EUW1_6069275165,EUW1_6069226960,EUW1_6069127307,EUW1_6068950178,EUW1_6067320277,EUW1_6067295725,EUW1_6067191319,EUW1_6062346949,EUW1_6062170426
EUW1_6087109506,EUW1_6087033936,EUW1_6086764373,EUW1_6086630820,EUW1_6085267201,EUW1_6085220249,EUW1_6085224772,EUW1_6085100639,EUW1_6085125723,EUW1_6084972005,EUW1_6084460191,EUW1_6084416397,EUW1_6084363918,EUW1_6084296916,EUW1_6084241072,EUW1_6084252949,EUW1_6082212005,EUW1_6082213397,EUW1_6082128598,EUW1_6082154647
EUW1_6087112003,EUW1_6086596361,EUW1_6086533207,EUW1_6086507888,EUW1_6086455560,EUW1_6085355073,EUW1_6085169166,EUW1_6085150710,EUW1_6085067806,EUW1_6077298558,EUW1_6077312458,EUW1_6077163001,EUW1_6077080411,EUW1_6077048486,EUW1_6077056090,EUW1_6076608886,EUW1_6076564023,EUW1_6076457287,EUW1_6076420072,EUW1_6076366279
EUW1_6086806593,EUW1_6086732561,EUW1_6082236447,EUW1_6077571943,EUW1_6077596743,EUW1_6075726851,EUW1_6075635185,EUW1_6074982916,EUW1_6073381234,EUW1_6073317451,EUW1_6071176789,EUW1_6068327658,EUW1_6067553427,EUW1_6067399016,EUW1_6067374478,EUW1_6067344744,EUW1_6067196350,EUW1_6063198027,EUW1_6063089420,EUW1_6063042849
EUW1_6086956730,EUW1_6086831976,EUW1_6086875298,EUW1_6086806593,EUW1_6086732561,EUW1_6086622449,EUW1_6086596729,EUW1_6086429503,EUW1_6086436145,EUW1_6085577240,EUW1_6085474386,EUW1_6085389195,EUW1_6085349167,EUW1_6084812252,EUW1_6084856768,EUW1_6084785808,EUW1_6084718380,EUW1_6084714781,EUW1_6084703667,EUW1_6084380025
EUW1_6086902534,EUW1_6086727628,EUW1_6086709420,EUW1_6086645893,EUW1_6086484162,EUW1_6086397841,EUW1_6086343268,EUW1_6086249851,EUW1_6086181854,EUW1_6085619301,EUW1_6085529138,EUW1_6085356458,EUW1_6085243921,EUW1_6085137082,EUW1_6084928388,EUW1_6084409946,EUW1_6084363918,EUW1_6084292843,EUW1_6084088895,EUW1_6084010835
EUW1_6086921684,EUW1_6086622990,EUW1_6086559459,EUW1_6086566280,EUW1_6085283376,EUW1_6085219103,EUW1_6084956735,EUW1_6084874702,EUW1_6084830309,EUW1_6084768124,EUW1_6083877755,EUW1_6083851753,EUW1_6083796788,EUW1_6083759605,EUW1_6083566241,EUW1_6082807875,EUW1_6082581676,EUW1_6082574671,EUW1_6081387545,EUW1_6081298915
EUW1_6083126300,EUW1_6083011758,EUW1_6083026448,EUW1_6082869801,EUW1_6082862752,EUW1_6082604477,EUW1_6081234928,EUW1_6081138540,EUW1_6081051937,EUW1_6080044334,EUW1_6079973987,EUW1_6077872114,EUW1_6077855746,EUW1_6077853078,EUW1_6077788384,EUW1_6077721534,EUW1_6077727347,EUW1_6076818166,EUW1_6076745302,EUW1_6076697895
EUW1_6074295697,EUW1_6074232206,EUW1_6066424768,EUW1_6066414084,EUW1_6066361662,EUW1_6066360352,EUW1_6066278300,EUW1_6066275428,EUW1_6066260575,EUW1_6065061425,EUW1_6064667758,EUW1_6064634096,EUW1_6064595213,EUW1_6064461358,EUW1_6064495295,EUW1_6061534148,EUW1_6061367743,EUW1_6061280870,EUW1_6060421067,EUW1_6060447925
EUW1_6085094592,EUW1_6082399491,EUW1_6082343469,EUW1_6082106889,EUW1_6074513392,EUW1_6074398574,EUW1_6074435186,EUW1_6074321437,EUW1_6070277046,EUW1_6070253382,EUW1_6070206620,EUW1_6070127539,EUW1_6054366363,EUW1_6054332248,EUW1_6053189947,EUW1_6053143904,EUW1_6053119634,EUW1_6051794594,EUW1_6051152332,EUW1_6051099738
EUW1_6080595381,EUW1_6075263619,EUW1_6075110061,EUW1_6074675251,EUW1_6070802773,EUW1_6070710203,EUW1_6070676776,EUW1_6067396020,EUW1_6067320277,EUW1_6065573108,EUW1_6065386511,EUW1_6065363197,EUW1_6065219323,EUW1_6065273120,EUW1_6065178417,EUW1_6065154859,EUW1_6065039354,EUW1_6055068038,EUW1_6055052734,EUW1_6055007147
EUW1_6086417159,EUW1_6086337024,EUW1_6085615323,EUW1_6085491269,EUW1_6085558618,EUW1_6085356458,EUW1_6085303689,EUW1_6085169166,EUW1_6084767691,EUW1_6084722103,EUW1_6083854547,EUW1_6083610230,EUW1_6083178065,EUW1_6083174671,EUW1_6083121416,EUW1_6083126300,EUW1_6083021964,EUW1_6082985764,EUW1_6082807875,EUW1_6082589751
EUW1_6080294211,EUW1_6080203705,EUW1_6077005218,EUW1_6077023875,EUW1_6076972995,EUW1_6075337380,EUW1_6075346095,EUW1_6075294067,EUW1_6075211807,EUW1_6075188676,EUW1_6075180590,EUW1_6075012475,EUW1_6074909127,EUW1_6074083330,EUW1_6074022154,EUW1_6072486872,EUW1_6072407666,EUW1_6072384589,EUW1_6057041547,EUW1_6056998593
EUW1_6084385905,EUW1_6084363918,EUW1_6083745697,EUW1_6083592012,EUW1_6083589110,EUW1_6082169267,EUW1_6082095782,EUW1_6081196470,EUW1_6080769763,EUW1_6080745434,EUW1_6080238260,EUW1_6080285096,EUW1_6080191982,EUW1_6080178267,EUW1_6080031662,EUW1_6080056359,EUW1_6079990844,EUW1_6079797005,EUW1_6079450581,EUW1_6079415064
EUW1_6086744009,EUW1_6085942321,EUW1_6085131436,EUW1_6085154213,EUW1_6084981690,EUW1_6084987762,EUW1_6084951914,EUW1_6084879538,EUW1_6084945110,EUW1_6084840787,EUW1_6084674853,EUW1_6084479885,EUW1_6084469430,EUW1_6084477046,EUW1_6084545012,EUW1_6084534235,EUW1_6084472501,EUW1_6084428681,EUW1_6084415090,EUW1_6084280318
EUW1_6086987215,EUW1_6084781323,EUW1_6084031580,EUW1_6084055203,EUW1_6083957299,EUW1_6083812312,EUW1_6083827858,EUW1_6083834292,EUW1_6083740747,EUW1_6083676103,EUW1_6082581676,EUW1_6082604999,EUW1_6082371321,EUW1_6082328090,EUW1_6082313192,EUW1_6081138278,EUW1_6081081606,EUW1_6081063634,EUW1_6080927882,EUW1_6075680879
EUW1_6086307463,EUW1_6084988458,EUW1_6085033222,EUW1_6084890116,EUW1_6080640670,EUW1_6080666990,EUW1_6078885687,EUW1_6078828966,EUW1_6078832835,EUW1_6078719770,EUW1_6078665339,EUW1_6078352889,EUW1_6078285538,EUW1_6078180100,EUW1_6077732870,EUW1_6077597560,EUW1_6077500905,EUW1_6077515995,EUW1_6077442850,EUW1_6077375460
EUW1_6087204134,EUW1_6087107138,EUW1_6086972081,EUW1_6086832072,EUW1_6086646182,EUW1_6086619233,EUW1_6086241448,EUW1_6086238978,EUW1_6085161202,EUW1_6083620407,EUW1_6080805180,EUW1_6078889727,EUW1_6078885687,EUW1_6078828966,EUW1_6078804450,EUW1_6078662359,EUW1_6078727243,EUW1_6078312093,EUW1_6074582571,EUW1_6074202370
EUW1_6084199302,EUW1_6084202491,EUW1_6084084426,EUW1_6082075115,EUW1_6081962071,EUW1_6081402856,EUW1_6081396311,EUW1_6081296963,EUW1_6080902054,EUW1_6080605906,EUW1_6079559915,EUW1_6079178036,EUW1_6078966878,EUW1_6078806569,EUW1_6077276005,EUW1_6075569859,EUW1_6074528769,EUW1_6074478605,EUW1_6071050929,EUW1_6069874208
EUW1_6086462653,EUW1_6082302337,EUW1_6082050708,EUW1_6082007817,EUW1_6081454160,EUW1_6080172865,EUW1_6071721388,EUW1_6071712502,EUW1_6071430366,EUW1_6071346130,EUW1_6071310774,EUW1_6070835244,EUW1_6070603694,EUW1_6069290410,EUW1_6065028830,EUW1_6065023421,EUW1_6050073089,EUW1_6045269482,EUW1_6045263786,EUW1_6044565251
EUW1_6086739744,EUW1_6086764373,EUW1_6086679807,EUW1_6086626380,EUW1_6086601047,EUW1_6085478902,EUW1_6085348925,EUW1_6085342773,EUW1_6085219103,EUW1_6085163406,EUW1_6084812768,EUW1_6084720320,EUW1_6084668496,EUW1_6084675203,EUW1_6084263345,EUW1_6084196835,EUW1_6084139229,EUW1_6084021652,EUW1_6083968518,EUW1_6083563309
EUW1_6086676800,EUW1_6086550985,EUW1_6086603458,EUW1_6084729188,EUW1_6084677128,EUW1_6080138226,EUW1_6080079473,EUW1_6078807593,EUW1_6077389114,EUW1_6077412469,EUW1_6071726669,EUW1_6061705315,EUW1_6061640557,EUW1_6061555411,EUW1_6058945755,EUW1_6058993138,EUW1_6058780748,EUW1_6058777296,EUW1_6058592197,EUW1_6058546661
EUW1_6085944284,EUW1_6085741845,EUW1_6085577957,EUW1_6085431351,EUW1_6084496458,EUW1_6084435072,EUW1_6084280240,EUW1_6083177677,EUW1_6083193648,EUW1_6083089306,EUW1_6082189296,EUW1_6080384084,EUW1_6080244500,EUW1_6080181760,EUW1_6080139737,EUW1_6080107165,EUW1_6079517355,EUW1_6072287791,EUW1_6072080204,EUW1_6072017613
EUW1_6086428336,EUW1_6086462653,EUW1_6085091507,EUW1_6085125723,EUW1_6084980493,EUW1_6085035899,EUW1_6084796863,EUW1_6082084057,EUW1_6081967944,EUW1_6081117073,EUW1_6081051167,EUW1_6080783335,EUW1_6078226209,EUW1_6078081393,EUW1_6078103875,EUW1_6077986945,EUW1_6077478119,EUW1_6075778764,EUW1_6075723144,EUW1_6075626799
EUW1_6087094287,EUW1_6086998354,EUW1_6087002668,EUW1_6086905523,EUW1_6086819093,EUW1_6086756620,EUW1_6086681059,EUW1_6086676297,EUW1_6086616000,EUW1_6086525934,EUW1_6086479342,EUW1_6085492878,EUW1_6085094592,EUW1_6084980493,EUW1_6084996191,EUW1_6084901476,EUW1_6084868139,EUW1_6083855028,EUW1_6083762766,EUW1_6082165720
EUW1_6086307229,EUW1_6086266735,EUW1_6086215670,EUW1_6086129260,EUW1_6086117165,EUW1_6085091832,EUW1_6084866059,EUW1_6084698965,EUW1_6084726681,EUW1_6084684621,EUW1_6084582284,EUW1_6083615019,EUW1_6083472245,EUW1_6082121678,EUW1_6081865859,EUW1_6081834222,EUW1_6081800893,EUW1_6081375739,EUW1_6081296963,EUW1_6080671003
EUW1_6085372274,EUW1_6085374828,EUW1_6085337892,EUW1_6085332790,EUW1_6084789100,EUW1_6084834658,EUW1_6084722308,EUW1_6084322053,EUW1_6084347239,EUW1_6084219279,EUW1_6082229519,EUW1_6082212799,EUW1_6082114211,EUW1_6082045402,EUW1_6070606485,EUW1_6061971987,EUW1_6062008828,EUW1_6061458194,EUW1_6061004596,EUW1_6060929496
EUW1_6087204134,EUW1_6086972081,EUW1_6086626380,EUW1_6084774698,EUW1_6084702011,EUW1_6084718380,EUW1_6084479820,EUW1_6084487921,EUW1_6083472245,EUW1_6083518480,EUW1_6083476881,EUW1_6083533929,EUW1_6083421586,EUW1_6083370833,EUW1_6083417835,EUW1_6083141510,EUW1_6082348719,EUW1_6078731279,EUW1_6078658277,EUW1_6078278464
EUW1_6086396101,EUW1_6086334770,EUW1_6086282030,EUW1_6086259470,EUW1_6083570216,EUW1_6083634281,EUW1_6083510957,EUW1_6083547652,EUW1_6083524773,EUW1_6082862752,EUW1_6082606191,EUW1_6082562579,EUW1_6082388468,EUW1_6082382555,EUW1_6082209452,EUW1_6082272697,EUW1_6082119444,EUW1_6082153451,EUW1_6081980145,EUW1_6081908437
EUW1_6084450438,EUW1_6084398303,EUW1_6084375087,EUW1_6081196470,EUW1_6080978234,EUW1_6080832452,EUW1_6078141166,EUW1_6070886761,EUW1_6070912495,EUW1_6070279426,EUW1_6070315247,EUW1_6070068052,EUW1_6070124128,EUW1_6070029861,EUW1_6070015175,EUW1_6069841410,EUW1_6065360391,EUW1_6063339963,EUW1_6063113457,EUW1_6061785452
EUW1_6086275779,EUW1_6086224604,EUW1_6082602309,EUW1_6082941203,EUW1_6082431974,EUW1_6082660538,EUW1_6084684621,EUW1_6082773394,EUW1_6082613350,EUW1_6082593171,EUW1_6082422978,EUW1_6082313192,EUW1_6082217397,EUW1_6081979431,EUW1_6081926653,EUW1_6081832238,EUW1_6081807219,EUW1_6081834116,EUW1_6081007356,EUW1_6080707623
EUW1_6077922730,EUW1_6077835318,EUW1_6077728277,EUW1_6077571943,EUW1_6077557195,EUW1_6077511331,EUW1_6077515995,EUW1_6077409219,EUW1_6077386094,EUW1_6077341290,EUW1_6077276005,EUW1_6077252958,EUW1_6077150574,EUW1_6071318935,EUW1_6071245818,EUW1_6071210196,EUW1_6071136444,EUW1_6071110460,EUW1_6071068726,EUW1_6068197074
EUW1_6086280423,EUW1_6084834658,EUW1_6083897038,EUW1_6083451484,EUW1_6081803018,EUW1_6070704484,EUW1_6070572124,EUW1_6070626948,EUW1_6069857995,EUW1_6060392901,EUW1_6059562191,EUW1_6059605746,EUW1_6056021208,EUW1_6056027958,EUW1_6056073956,EUW1_6053170416,EUW1_6053164116,EUW1_6053126299,EUW1_6053044943,EUW1_6052989032
EUW1_6085283376,EUW1_6085219103,EUW1_6085224772,EUW1_6085089267,EUW1_6085094592,EUW1_6084996911,EUW1_6084928778,EUW1_6084865964,EUW1_6082589751,EUW1_6082582669,EUW1_6082328090,EUW1_6081957778,EUW1_6081945373,EUW1_6080970620,EUW1_6080926356,EUW1_6075569859,EUW1_6074894818,EUW1_6073211941,EUW1_6071153244,EUW1_6070466824
EUW1_6087091565,EUW1_6087096718,EUW1_6086974769,EUW1_6086908130,EUW1_6086688467,EUW1_6086531060,EUW1_6086613138,EUW1_6086500372,EUW1_6085042062,EUW1_6085047009,EUW1_6084789100,EUW1_6084805961,EUW1_6084722068,EUW1_6084729336,EUW1_6078937087,EUW1_6075770497,EUW1_6075725336,EUW1_6075712589,EUW1_6073078698,EUW1_6073006578
EUW1_6078930760,EUW1_6078885687,EUW1_6078742978,EUW1_6078717589,EUW1_6078643559,EUW1_6078630630,EUW1_6078578085,EUW1_6077874050,EUW1_6077773584,EUW1_6077507732,EUW1_6077502758,EUW1_6077389114,EUW1_6077375460,EUW1_6077338260,EUW1_6066878820,EUW1_6066861711,EUW1_6066818779,EUW1_6066833456,EUW1_6066728815,EUW1_6066702697
EUW1_6087114453,EUW1_6086714152,EUW1_6086643566,EUW1_6085933530,EUW1_6085922567,EUW1_6085740142,EUW1_6085668744,EUW1_6082199457,EUW1_6082136568,EUW1_6082056205,EUW1_6081981585,EUW1_6081855254,EUW1_6081803018,EUW1_6081146990,EUW1_6081037020,EUW1_6080975635,EUW1_6080822386,EUW1_6080823455,EUW1_6080748997,EUW1_6080783335
EUW1_6080365835,EUW1_6080342582,EUW1_6080230796,EUW1_6080294986,EUW1_6080131976,EUW1_6080138226,EUW1_6080162775,EUW1_6080044334,EUW1_6079927607,EUW1_6079896898,EUW1_6079748233,EUW1_6079681991,EUW1_6076977728,EUW1_6076953394,EUW1_6076818166,EUW1_6076745302,EUW1_6063447078,EUW1_6063436293,EUW1_6063401656,EUW1_6063400239
EUW1_6086594991,EUW1_6080021330,EUW1_6080094222,EUW1_6078273023,EUW1_6063237151,EUW1_6063177392,EUW1_6063142799,EUW1_6063024399,EUW1_6062858838,EUW1_6062787917,EUW1_6062712939,EUW1_6061560774,EUW1_6061577530,EUW1_6061480056,EUW1_6061515642,EUW1_6061411591,EUW1_6061403225,EUW1_6061267712,EUW1_6060979070,EUW1_6060974753
EUW1_6086915778,EUW1_6086790238,EUW1_6085950901,EUW1_6085949539,EUW1_6085898640,EUW1_6085752618,EUW1_6085511089,EUW1_6085572813,EUW1_6085387928,EUW1_6085310177,EUW1_6085235813,EUW1_6085150710,EUW1_6085067806,EUW1_6085040005,EUW1_6085044958,EUW1_6084951449,EUW1_6074187240,EUW1_6072609284,EUW1_6070977727,EUW1_6070974457
EUW1_6086526743,EUW1_6086489954,EUW1_6086445070,EUW1_6086350990,EUW1_6086328888,EUW1_6086365477,EUW1_6086005623,EUW1_6085877667,EUW1_6085885541,EUW1_6085710238,EUW1_6085355073,EUW1_6085220249,EUW1_6085215853,EUW1_6085095533,EUW1_6084978618,EUW1_6084859934,EUW1_6084847604,EUW1_6084497854,EUW1_6084495152,EUW1_6084523213
EUW1_6086852370,EUW1_6084937327,EUW1_6084675928,EUW1_6084155589,EUW1_6084057866,EUW1_6083984842,EUW1_6082121382,EUW1_6082144252,EUW1_6081117246,EUW1_6080828563,EUW1_6080801645,EUW1_6080783837,EUW1_6079922638,EUW1_6079817298,EUW1_6079832505,EUW1_6078657101,EUW1_6078602125,EUW1_6078568535,EUW1_6077841520,EUW1_6077814466
EUW1_6086978402,EUW1_6086882418,EUW1_6086826644,EUW1_6086709616,EUW1_6086676297,EUW1_6086483556,EUW1_6086355478,EUW1_6085374854,EUW1_6085356458,EUW1_6085293410,EUW1_6085219103,EUW1_6085091507,EUW1_6085154210,EUW1_6085030994,EUW1_6085035754,EUW1_6084917190,EUW1_6082788213,EUW1_6080866097,EUW1_6080604864,EUW1_6080529302
EUW1_6084951449,EUW1_6084928388,EUW1_6084952978,EUW1_6084801454,EUW1_6084855907,EUW1_6084813313,EUW1_6084731582,EUW1_6083033498,EUW1_6082846788,EUW1_6082589751,EUW1_6082259146,EUW1_6080854716,EUW1_6080655406,EUW1_6079161828,EUW1_6077550647,EUW1_6077281298,EUW1_6076622896,EUW1_6076442836,EUW1_6076406624,EUW1_6074755125
EUW1_6084375439,EUW1_6083753571,EUW1_6083601769,EUW1_6083615383,EUW1_6083183401,EUW1_6083148836,EUW1_6079438502,EUW1_6078914239,EUW1_6077505234,EUW1_6075657618,EUW1_6067421797,EUW1_6067144261,EUW1_6066718643,EUW1_6066714527,EUW1_6066241815,EUW1_6066227537,EUW1_6066182732,EUW1_6066096637,EUW1_6065295057,EUW1_6064103641
EUW1_6086653258,EUW1_6086597306,EUW1_6086526277,EUW1_6086572927,EUW1_6085494833,EUW1_6083728348,EUW1_6083724934,EUW1_6083662486,EUW1_6083586987,EUW1_6083521170,EUW1_6083488820,EUW1_6083516825,EUW1_6083475251,EUW1_6081866174,EUW1_6081862687,EUW1_6081780332,EUW1_6081719293,EUW1_6081002606,EUW1_6080915768,EUW1_6078531179
EUW1_6085511914,EUW1_6085375353,EUW1_6085348567,EUW1_6085230218,EUW1_6084837421,EUW1_6084834658,EUW1_6084698069,EUW1_6084546145,EUW1_6084409946,EUW1_6084416397,EUW1_6084361251,EUW1_6083231143,EUW1_6075220783,EUW1_6075244968,EUW1_6074832932,EUW1_6074686151,EUW1_6074073500,EUW1_6073721018,EUW1_6072281885,EUW1_6072249957
EUW1_6077059409,EUW1_6076191100,EUW1_6076106113,EUW1_6073541239,EUW1_6073485292,EUW1_6073460823,EUW1_6073068489,EUW1_6071577250,EUW1_6071491212,EUW1_6071457429,EUW1_6071512603,EUW1_6071285867,EUW1_6071233799,EUW1_6071159989,EUW1_6070746144,EUW1_6070688578,EUW1_6063826869,EUW1_6063027978,EUW1_6063023509,EUW1_6051635488
EUW1_6085024647,EUW1_6075712589,EUW1_6067117446,EUW1_6067049991,EUW1_6066878820,EUW1_6066831256,EUW1_6065161990,EUW1_6065185214,EUW1_6065031684,EUW1_6065047370,EUW1_6065014276,EUW1_6064927467,EUW1_6064850377,EUW1_6064877166,EUW1_6063771209,EUW1_6063727249,EUW1_6063764249,EUW1_6063574777,EUW1_6063572586,EUW1_6063450773
EUW1_6086999509,EUW1_6085474661,EUW1_6084048276,EUW1_6082388502,EUW1_6081054460,EUW1_6080072612,EUW1_6077929331,EUW1_6077812249,EUW1_6076377952,EUW1_6074874794,EUW1_6073806402,EUW1_6072067198,EUW1_6070548103,EUW1_6069217631,EUW1_6067498270,EUW1_6066096637,EUW1_6064265453,EUW1_6063097888,EUW1_6061480056,EUW1_6060107270
EUW1_6087061097,EUW1_6087115241,EUW1_6086095534,EUW1_6086005853,EUW1_6085354907,EUW1_6084558485,EUW1_6084496458,EUW1_6084465661,EUW1_6084450438,EUW1_6084455558,EUW1_6084326084,EUW1_6084206141,EUW1_6084150577,EUW1_6084042077,EUW1_6084042823,EUW1_6083906262,EUW1_6083855028,EUW1_6083761268,EUW1_6083708813,EUW1_6083286663
EUW1_6084940808,EUW1_6084868139,EUW1_6084893710,EUW1_6072898395,EUW1_6071311336,EUW1_6071307165,EUW1_6071282636,EUW1_6071207826,EUW1_6071223777,EUW1_6070001597,EUW1_6069987738,EUW1_6069974939,EUW1_6069890744,EUW1_6069886635,EUW1_6067279015,EUW1_6067250737,EUW1_6065997959,EUW1_6065939133,EUW1_6063843258,EUW1_6063740142
EUW1_6082384739,EUW1_6082229519,EUW1_6082224952,EUW1_6082189296,EUW1_6078382478,EUW1_6078279320,EUW1_6078324200,EUW1_6078180100,EUW1_6078202872,EUW1_6077285190,EUW1_6077179286,EUW1_6077224794,EUW1_6075288178,EUW1_6075336744,EUW1_6075305747,EUW1_6075162801,EUW1_6075057720,EUW1_6074951036,EUW1_6074881122,EUW1_6073825727
EUW1_6080642432,EUW1_6080603978,EUW1_6080569629,EUW1_6075580533,EUW1_6075554354,EUW1_6075462022,EUW1_6057537301,EUW1_6057432047,EUW1_6057476667,EUW1_6052953821,EUW1_6052531354,EUW1_6050979060,EUW1_6050977048,EUW1_6050974911,EUW1_6050963062,EUW1_6050908672,EUW1_6049787346,EUW1_6049765868,EUW1_6049720888,EUW1_6049689314
EUW1_6086933529,EUW1_6085232478,EUW1_6083519107,EUW1_6083554568,EUW1_6083494958,EUW1_6082871088,EUW1_6082825115,EUW1_6082574671,EUW1_6082414948,EUW1_6082298765,EUW1_6082039059,EUW1_6081283996,EUW1_6081008578,EUW1_6079962391,EUW1_6079850488,EUW1_6079748233,EUW1_6079668836,EUW1_6079692998,EUW1_6078840386,EUW1_6078304104
EUW1_6086908130,EUW1_6086883320,EUW1_6086739744,EUW1_6086764373,EUW1_6086688467,EUW1_6086635199,EUW1_6086550985,EUW1_6086594991,EUW1_6086432437,EUW1_6086428336,EUW1_6086412190,EUW1_6084988458,EUW1_6085033222,EUW1_6084958090,EUW1_6084885464,EUW1_6084801454,EUW1_6084847604,EUW1_6084766650,EUW1_6084722308,EUW1_6084495152
EUW1_6083107627,EUW1_6082985764,EUW1_6063526668,EUW1_6063594356,EUW1_6063198027,EUW1_6063072891,EUW1_6062421515,EUW1_6062336691,EUW1_6062151436,EUW1_6062008828,EUW1_6062025695,EUW1_6061952398,EUW1_6060935446,EUW1_6060771554,EUW1_6060845067,EUW1_6060609237,EUW1_6060077326,EUW1_6054287451,EUW1_6054323767,EUW1_6054231408
EUW1_6081497816,EUW1_6081391615,EUW1_6081325383,EUW1_6081052135,EUW1_6081083775,EUW1_6080978234,EUW1_6080877029,EUW1_6080730747,EUW1_6080737524,EUW1_6080783335,EUW1_6080667791,EUW1_6080266893,EUW1_6080284530,EUW1_6080191982,EUW1_6080197659,EUW1_6080172865,EUW1_6080056359,EUW1_6079973987,EUW1_6079894365,EUW1_6079707372
EUW1_6081285331,EUW1_6075733923,EUW1_6073811048,EUW1_6073763010,EUW1_6073657410,EUW1_6072336030,EUW1_6072142087,EUW1_6072018865,EUW1_6071871303,EUW1_6071721388,EUW1_6071655190,EUW1_6071605353,EUW1_6071500787,EUW1_6070288531,EUW1_6070236557,EUW1_6070159153,EUW1_6070143592,EUW1_6070068052,EUW1_6070124128,EUW1_6069127307
EUW1_6085232478,EUW1_6084938922,EUW1_6083451484,EUW1_6083370833,EUW1_6083437062,EUW1_6083454260,EUW1_6082574671,EUW1_6082189296,EUW1_6082144241,EUW1_6082079812,EUW1_6082025311,EUW1_6081906547,EUW1_6081839256,EUW1_6081836029,EUW1_6081842906,EUW1_6081730713,EUW1_6081684400,EUW1_6081319113,EUW1_6081282089,EUW1_6080514814
EUW1_6084635568,EUW1_6084575274,EUW1_6084613146,EUW1_6084551096,EUW1_6084549978,EUW1_6076483821,EUW1_6076417306,EUW1_6075288778,EUW1_6073555093,EUW1_6073399686,EUW1_6073454071,EUW1_6073317451,EUW1_6070817226,EUW1_6065274990,EUW1_6062737418,EUW1_6062773046,EUW1_6062657732,EUW1_6062369830,EUW1_6062140156,EUW1_6059593907
EUW1_6086525934,EUW1_6086500372,EUW1_6085741191,EUW1_6085668958,EUW1_6085752618,EUW1_6085474661,EUW1_6085375353,EUW1_6085254841,EUW1_6085213783,EUW1_6085071670,EUW1_6085107676,EUW1_6084439962,EUW1_6084394802,EUW1_6084328161,EUW1_6084044562,EUW1_6077488906,EUW1_6077411735,EUW1_6076737892,EUW1_6076683705,EUW1_6076550034
EUW1_6083508519,EUW1_6083485721,EUW1_6082146439,EUW1_6082030967,EUW1_6082075115,EUW1_6080832452,EUW1_6080741193,EUW1_6080734930,EUW1_6079140943,EUW1_6078910657,EUW1_6078935359,EUW1_6077326783,EUW1_6074599638,EUW1_6074289260,EUW1_6074344303,EUW1_6074208917,EUW1_6071252133,EUW1_6071285867,EUW1_6070103078,EUW1_6069986743
EUW1_6085423025,EUW1_6085339761,EUW1_6085315421,EUW1_6085239150,EUW1_6085243068,EUW1_6084948027,EUW1_6084861962,EUW1_6084831019,EUW1_6084857415,EUW1_6084031524,EUW1_6083702912,EUW1_6083599214,EUW1_6083114240,EUW1_6083036861,EUW1_6082791714,EUW1_6082826317,EUW1_6082588358,EUW1_6082575165,EUW1_6082382179,EUW1_6082389377
EUW1_6085474661,EUW1_6085408803,EUW1_6085297343,EUW1_6084826888,EUW1_6084813313,EUW1_6084750352,EUW1_6083309965,EUW1_6083279005,EUW1_6083033498,EUW1_6082827171,EUW1_6082236447,EUW1_6082199961,EUW1_6082106889,EUW1_6082031521,EUW1_6081971090,EUW1_6070987966,EUW1_6070994231,EUW1_6070933308,EUW1_6070851109,EUW1_6070918416
EUW1_6084881658,EUW1_6081440795,EUW1_6081391615,EUW1_6081346912,EUW1_6081234928,EUW1_6078165564,EUW1_6078081393,EUW1_6077972381,EUW1_6077847744,EUW1_6077812249,EUW1_6076789675,EUW1_6076823946,EUW1_6076697895,EUW1_6075723144,EUW1_6075659887,EUW1_6075675670,EUW1_6075130471,EUW1_6075173328,EUW1_6075057720,EUW1_6074531488
EUW1_6083827858,EUW1_6082293367,EUW1_6081211790,EUW1_6081171282,EUW1_6081052135,EUW1_6080926356,EUW1_6080840076,EUW1_6080730747,EUW1_6080279109,EUW1_6080175995,EUW1_6080021330,EUW1_6077642852,EUW1_6073157799,EUW1_6073155256,EUW1_6073001458,EUW1_6073077362,EUW1_6072995139,EUW1_6071316151,EUW1_6071253220,EUW1_6071207826
EUW1_6084009484,EUW1_6083960370,EUW1_6083945065,EUW1_6083788833,EUW1_6083803864,EUW1_6083688711,EUW1_6083518480,EUW1_6083545375,EUW1_6083543092,EUW1_6083410827,EUW1_6082261443,EUW1_6082277347,EUW1_6082272697,EUW1_6082119444,EUW1_6082144241,EUW1_6081980369,EUW1_6081967194,EUW1_6081924670,EUW1_6081325383,EUW1_6081159754
EUW1_6086974264,EUW1_6086851002,EUW1_6085688740,EUW1_6085734341,EUW1_6085580827,EUW1_6085439559,EUW1_6085396316,EUW1_6085433226,EUW1_6085271928,EUW1_6085180054,EUW1_6085205230,EUW1_6085131820,EUW1_6085035559,EUW1_6084450421,EUW1_6082531564,EUW1_6082300945,EUW1_6082289398,EUW1_6082206800,EUW1_6081487484,EUW1_6081401367
EUW1_6084595804,EUW1_6084073075,EUW1_6077292323,EUW1_6077248599,EUW1_6077094714,EUW1_6075330923,EUW1_6075350030,EUW1_6075289361,EUW1_6074285062,EUW1_6074244469,EUW1_6074242628,EUW1_6074180595,EUW1_6070860131,EUW1_6070503331,EUW1_6069716499,EUW1_6069723684,EUW1_6069644145,EUW1_6069672578,EUW1_6069601227,EUW1_6068888610
EUW1_6087138171,EUW1_6087126397,EUW1_6086955840,EUW1_6086942649,EUW1_6086896829,EUW1_6086696563,EUW1_6085898768,EUW1_6085352446,EUW1_6085267201,EUW1_6085190966,EUW1_6085186628,EUW1_6085134668,EUW1_6085072996,EUW1_6084451860,EUW1_6084458205,EUW1_6084361251,EUW1_6084328161,EUW1_6084210000,EUW1_6084084426,EUW1_6083989806
EUW1_6084405037,EUW1_6084300511,EUW1_6084344627,EUW1_6080968334,EUW1_6080994574,EUW1_6080913134,EUW1_6080279530,EUW1_6080286273,EUW1_6080171111,EUW1_6079826916,EUW1_6079711535,EUW1_6079773647,EUW1_6079658026,EUW1_6079642709,EUW1_6079558336,EUW1_6079450581,EUW1_6079161645,EUW1_6077998183,EUW1_6077934821,EUW1_6077787552
EUW1_6087132593,EUW1_6087067960,EUW1_6075589606,EUW1_6075665631,EUW1_6075582840,EUW1_6075538298,EUW1_6075037047,EUW1_6074900660,EUW1_6074767233,EUW1_6074611036,EUW1_6074616671,EUW1_6074531488,EUW1_6063920853,EUW1_6060892595,EUW1_6060817072,EUW1_6060700470,EUW1_6060107270,EUW1_6059957950,EUW1_6059924351,EUW1_6059752435
EUW1_6086865944,EUW1_6086739744,EUW1_6086622449,EUW1_6086617769,EUW1_6086613138,EUW1_6086451883,EUW1_6086447054,EUW1_6086462653,EUW1_6085383243,EUW1_6085356782,EUW1_6085262042,EUW1_6085173391,EUW1_6085106319,EUW1_6084781323,EUW1_6084466649,EUW1_6084513347,EUW1_6084401896,EUW1_6084448274,EUW1_6083747516,EUW1_6082825115
EUW1_6086908130,EUW1_6086843145,EUW1_6086681059,EUW1_6086645893,EUW1_6086542125,EUW1_6086596361,EUW1_6086533207,EUW1_6086357094,EUW1_6086373131,EUW1_6084962194,EUW1_6084936196,EUW1_6084847604,EUW1_6084785808,EUW1_6083796130,EUW1_6083700826,EUW1_6083696062,EUW1_6083627753,EUW1_6083604417,EUW1_6083551399,EUW1_6083507531
EUW1_6087163223,EUW1_6087107138,EUW1_6086982419,EUW1_6086928468,EUW1_6086289586,EUW1_6086297072,EUW1_6086275072,EUW1_6086262554,EUW1_6085576943,EUW1_6085474661,EUW1_6085408606,EUW1_6085373875,EUW1_6085348567,EUW1_6085293410,EUW1_6085189535,EUW1_6085224772,EUW1_6085150710,EUW1_6085067806,EUW1_6084693654,EUW1_6084523013
EUW1_6086915778,EUW1_6086883320,EUW1_6086740472,EUW1_6086815409,EUW1_6086784750,EUW1_6086229038,EUW1_6086223271,EUW1_6085362975,EUW1_6085276456,EUW1_6084951449,EUW1_6084864722,EUW1_6084828289,EUW1_6084764372,EUW1_6084720320,EUW1_6084695922,EUW1_6084673724,EUW1_6084255870,EUW1_6083820006,EUW1_6083814321,EUW1_6083756724
EUW1_6086417793,EUW1_6086327495,EUW1_6086353828,EUW1_6086279639,EUW1_6086305418,EUW1_6086275072,EUW1_6086223271,EUW1_6086140126,EUW1_6084764372,EUW1_6084710138,EUW1_6084695922,EUW1_6084732566,EUW1_6084659342,EUW1_6083528230,EUW1_6083506567,EUW1_6083464493,EUW1_6083410383,EUW1_6083417835,EUW1_6081968140,EUW1_6081917116
EUW1_6086824821,EUW1_6086740472,EUW1_6086550985,EUW1_6086604829,EUW1_6086489954,EUW1_6086464959,EUW1_6085293410,EUW1_6085235813,EUW1_6077773584,EUW1_6075556495,EUW1_6073683547,EUW1_6073086179,EUW1_6066623725,EUW1_6065559242,EUW1_6065451321,EUW1_6063878320,EUW1_6063779281,EUW1_6063690710,EUW1_6062692589,EUW1_6062387244
